event_id,timestamp,user_id,event_type,device_id,ip_address,amount,merchant,status,is_fraud,linked_txn_id,beneficiary_id
fafb6b74-27d4-423d-804a-702e90190540,2023-01-01T00:00:00,usr_b847f86a40,LOGIN,dev_31d6bbcb,136.178.185.23,0.0,,SUCCESS,0,,
ce13fc33-ae9c-400e-86e8-f4ef15b51375,2023-01-01T00:00:00,usr_bb60cd53a4,LOGIN,dev_9745d4f1,122.78.247.195,0.0,,SUCCESS,0,,
32992ed6-f831-454f-9310-274452e815df,2023-01-02T00:00:00,usr_3c4b8a91d3,LOGIN,dev_3f0c0548,101.102.23.29,0.0,,SUCCESS,0,,
3c837039-17ad-4dd3-bd9e-bfb461da077c,2023-01-02T00:00:00,usr_7992a3f80c,LOGIN,dev_3e75fa0b,43.177.158.49,0.0,,SUCCESS,0,,
522f87fb-0f21-41cb-96b1-a372c5b21be4,2023-01-02T00:00:00,usr_65eb4d3d9b,LOGIN,dev_59822b9d,32.247.229.220,0.0,,SUCCESS,0,,
dab97ab1-6930-4901-bff3-2d579e0a5a1a,2023-01-02T09:00:00,usr_b847f86a40,TRANSACTION,dev_31d6bbcb,136.178.185.23,62.73,Phelps Inc,SUCCESS,0,,
c99685f6-5488-4ca7-9bb8-ad72f73c75fa,2023-01-02T10:00:00,usr_bb60cd53a4,TRANSACTION,dev_9745d4f1,122.78.247.195,135.7,"Hester, Thomas and Rodriguez",SUCCESS,0,,
40c8f4c7-8d14-4cd0-a208-b51dc8c3bc2b,2023-01-03T00:00:00,usr_e80ba7edcb,LOGIN,dev_95ae50cd,72.39.11.99,0.0,,SUCCESS,0,,
e70f4f6e-8875-477f-8bfe-3d4580520b9e,2023-01-03T00:00:00,usr_6b7fc464e7,LOGIN,dev_384e052b,38.68.107.81,0.0,,SUCCESS,0,,
d3bec992-bde6-4ac9-91a7-4088105e6922,2023-01-03T00:00:00,usr_087a32a7ce,LOGIN,dev_4fad6be0,54.253.92.227,0.0,,SUCCESS,0,,
6e913a94-a9c0-46ed-a8c8-5a89e8af494f,2023-01-04T00:00:00,usr_35fb4b1a90,LOGIN,dev_28b5f86d,119.235.11.140,0.0,,SUCCESS,0,,
efdf753a-cf81-4a34-9ac4-4de1fcd5cab4,2023-01-04T00:00:00,usr_3bab87ec35,LOGIN,dev_2955b99e,186.81.180.99,0.0,,SUCCESS,0,,
37f657dc-79f2-456a-82f2-77174cf4d2e1,2023-01-04T00:00:00,usr_67de875ced,LOGIN,dev_bee99658,180.180.38.96,0.0,,SUCCESS,0,,
ee41fba3-9993-4bcb-9118-eb6ea58187c5,2023-01-04T00:00:00,usr_fac809fb5a,LOGIN,dev_9ec30e59,123.11.111.19,0.0,,SUCCESS,0,,
cc83950d-1530-4923-8928-6df073434b2e,2023-01-04T00:00:00,usr_13056c7805,LOGIN,dev_1c6f1531,175.42.237.59,0.0,,SUCCESS,0,,
fe94de62-74a0-40ee-9454-c453719a3803,2023-01-04T01:00:00,usr_3c4b8a91d3,TRANSACTION,dev_3f0c0548,101.102.23.29,131.18,Moore PLC,SUCCESS,0,,
6e21f1ee-41a7-4ae7-8c3b-a55c97c9f60e,2023-01-05T00:00:00,usr_3fbb821eef,LOGIN,dev_7b8589fd,54.60.72.248,0.0,,SUCCESS,0,,
32abfa9a-de77-4a1d-87fe-8d5c3be713fc,2023-01-05T05:00:00,usr_7992a3f80c,TRANSACTION,dev_3e75fa0b,43.177.158.49,68.06,Olsen Ltd,SUCCESS,0,,
1de863f5-4579-4797-a054-8743fef7e096,2023-01-05T07:00:00,usr_13056c7805,TRANSACTION,dev_1c6f1531,175.42.237.59,149.62,Miller-Ali,SUCCESS,0,,
05a744be-a481-4e0b-b126-e95573cefcc5,2023-01-05T09:00:00,usr_e80ba7edcb,TRANSACTION,dev_95ae50cd,72.39.11.99,14.32,"Thompson, Copeland and Cain",SUCCESS,0,,
62ce2425-3555-48e6-926f-5e71bf1cbe1f,2023-01-06T00:00:00,usr_4bdb163f08,LOGIN,dev_20947266,58.22.106.105,0.0,,SUCCESS,0,,
beac4df1-c08b-4a08-8eb6-bdfee207c75c,2023-01-06T00:00:00,usr_1b5274d284,LOGIN,dev_46d9ff4c,147.109.168.27,0.0,,SUCCESS,0,,
0f340f58-325a-4871-b675-71edcd4d299c,2023-01-06T00:00:00,usr_1992d97d05,LOGIN,dev_66966158,172.91.34.239,0.0,,SUCCESS,0,,
5d3c8ba2-706b-410f-866c-a89965e221ec,2023-01-06T01:00:00,usr_3bab87ec35,TRANSACTION,dev_2955b99e,186.81.180.99,84.61,"Rivas, Cuevas and Taylor",SUCCESS,0,,
e0447955-4cfd-41a4-a6bf-80dd5c428abd,2023-01-06T03:00:00,usr_fac809fb5a,TRANSACTION,dev_9ec30e59,123.11.111.19,31.21,Lucas LLC,SUCCESS,0,,
f28ee18a-c92a-49a4-8ca9-d43b27ec6d06,2023-01-06T07:00:00,usr_65eb4d3d9b,TRANSACTION,dev_59822b9d,32.247.229.220,45.87,Juarez and Sons,SUCCESS,0,,
3040b76e-8a3f-40b4-b7ce-dc53a8549a63,2023-01-06T10:00:00,usr_35fb4b1a90,TRANSACTION,dev_28b5f86d,119.235.11.140,64.61,Clay-Reyes,SUCCESS,0,,
8364216a-9164-4bc9-85ab-bb5ec7c8ecdf,2023-01-06T10:00:00,usr_67de875ced,TRANSACTION,dev_bee99658,180.180.38.96,41.49,"Wright, Long and Edwards",SUCCESS,0,,
47b37dc9-09ea-46d2-bcd3-27eff74bfdc5,2023-01-06T13:00:00,usr_bb60cd53a4,TRANSACTION,dev_9745d4f1,122.78.247.195,130.57,"Wilson, Stewart and Ross",SUCCESS,0,,
fe6a8bea-3b78-4dc1-94e9-b36337b9d4f2,2023-01-07T00:00:00,usr_1b5c124f33,LOGIN,dev_c6499441,41.192.2.59,0.0,,SUCCESS,0,,
3d6dbd21-2a7e-4d70-bf04-5181c8789cd0,2023-01-07T00:00:00,usr_0e55003ec7,LOGIN,dev_af3c93f9,22.30.29.64,0.0,,SUCCESS,0,,
c2a44b60-f10e-439f-a2e4-40d7881dca9d,2023-01-07T02:00:00,usr_6b7fc464e7,TRANSACTION,dev_384e052b,38.68.107.81,91.0,Patton-Brown,SUCCESS,0,,
9e2f6a28-f1a4-44e0-87d6-ee354b64a9d6,2023-01-07T03:00:00,usr_1992d97d05,TRANSACTION,dev_66966158,172.91.34.239,50.79,"Watkins, Turner and White",SUCCESS,0,,
6dd21c73-586b-4858-b162-592939dafc2f,2023-01-07T09:00:00,usr_3fbb821eef,TRANSACTION,dev_7b8589fd,54.60.72.248,106.61,Wagner LLC,SUCCESS,0,,
840c6055-eb38-4214-ac20-26b203848095,2023-01-07T11:00:00,usr_087a32a7ce,TRANSACTION,dev_4fad6be0,54.253.92.227,102.55,Molina Inc,SUCCESS,0,,
ad3f7485-fa04-4b67-bdac-53f1f7cd3ae4,2023-01-08T00:00:00,usr_c0691f6af7,LOGIN,dev_5db7954e,23.201.66.77,0.0,,SUCCESS,0,,
96e3616d-195a-4883-a138-2dadc3a2b781,2023-01-08T00:00:00,usr_8ccbe5ce7a,LOGIN,dev_735ed083,203.214.163.50,0.0,,SUCCESS,0,,
80a7e670-cc25-4bac-9200-522820aee7dd,2023-01-08T00:00:00,usr_aa648189ea,LOGIN,dev_edeb5411,39.161.239.176,0.0,,SUCCESS,0,,
12029366-1618-4101-a29b-bdaa4beef7ac,2023-01-08T00:00:00,usr_27ea4bbc4f,LOGIN,dev_628a5ead,124.253.16.78,0.0,,SUCCESS,0,,
9b9b9e26-81a9-4f62-bd46-db627121779b,2023-01-08T03:00:00,usr_3c4b8a91d3,TRANSACTION,dev_3f0c0548,101.102.23.29,34.34,Hayes-Jones,SUCCESS,0,,
0d3b932b-c5f6-4629-b8fe-b5f5b9770ee0,2023-01-08T07:00:00,usr_3bab87ec35,TRANSACTION,dev_2955b99e,186.81.180.99,61.59,"Andersen, Martin and Nunez",SUCCESS,0,,
c4a3b0b1-39cb-40fc-b604-98e302fe8a48,2023-01-08T08:00:00,usr_0e55003ec7,TRANSACTION,dev_af3c93f9,22.30.29.64,18.4,Dillon Group,SUCCESS,0,,
2019eabb-72f0-43eb-970f-5115ef681940,2023-01-08T14:00:00,usr_35fb4b1a90,TRANSACTION,dev_28b5f86d,119.235.11.140,13.98,Roberson-Casey,SUCCESS,0,,
8fe64b06-c81f-4950-bf33-b41f49302a2d,2023-01-09T00:00:00,usr_f2c1decefd,LOGIN,dev_71173962,24.74.63.40,0.0,,SUCCESS,0,,
82d4b48c-89dd-4763-90f4-95503542ea95,2023-01-09T00:00:00,usr_6fff6280bf,LOGIN,dev_a21592a8,38.75.98.60,0.0,,SUCCESS,0,,
9dd5afad-3401-44a9-9b99-e16b77821fb3,2023-01-09T00:00:00,usr_804ef8a677,LOGIN,dev_c122339c,222.116.19.23,0.0,,SUCCESS,0,,
c9fd8440-dc24-464e-8923-8cb560e58ac4,2023-01-09T10:00:00,usr_c0691f6af7,TRANSACTION,dev_5db7954e,23.201.66.77,127.1,"Willis, Dixon and Barnes",SUCCESS,0,,
f15a9105-6ab5-441c-9117-35eae64495a2,2023-01-09T12:00:00,usr_13056c7805,TRANSACTION,dev_1c6f1531,175.42.237.59,85.96,Campbell-Griffin,SUCCESS,0,,
0710f8c5-c789-4bd4-ad1d-74bcb559d279,2023-01-09T16:00:00,usr_7992a3f80c,TRANSACTION,dev_3e75fa0b,43.177.158.49,49.9,Hamilton-Brooks,SUCCESS,0,,
56e20350-826c-4a34-b8d5-9d534a8d888b,2023-01-10T00:00:00,usr_5b2e16dce3,TRANSACTION,dev_0c379024,134.233.61.80,179.14,Fashion Retailer,SUCCESS,1,,
f9d540d8-4f52-4d14-8c7d-215878e07ba1,2023-01-10T00:00:00,usr_274d8943de,LOGIN,dev_2e7b9e8c,114.180.236.128,0.0,,SUCCESS,0,,
3da6eb0f-1868-4dbe-8b56-1eeb6fce184a,2023-01-10T00:00:00,usr_779c76f123,LOGIN,dev_25323184,156.29.19.186,0.0,,SUCCESS,0,,
608b32ae-7c16-4163-a71a-f449298f1670,2023-01-10T00:00:00,usr_07a141c1fd,LOGIN,dev_806073c2,191.78.147.56,0.0,,SUCCESS,0,,
dabcbb5b-8165-421a-956e-ea3aa421d450,2023-01-10T00:00:00,usr_eb3879ae5e,LOGIN,dev_30dd7377,199.249.85.95,0.0,,SUCCESS,0,,
e655e7dd-8b2b-43b6-8474-6eb759430b9d,2023-01-10T03:00:00,usr_aa648189ea,TRANSACTION,dev_edeb5411,39.161.239.176,12.24,"Silva, Thompson and Suarez",SUCCESS,0,,
a4b99c5d-2010-47dd-87b3-6cfc87cdde7b,2023-01-10T04:00:00,usr_1b5c124f33,TRANSACTION,dev_c6499441,41.192.2.59,30.85,"Jennings, Fisher and Evans",SUCCESS,0,,
c57c11e4-1d3e-41dc-97da-d58a341a67a2,2023-01-10T08:00:00,usr_fac809fb5a,TRANSACTION,dev_9ec30e59,123.11.111.19,116.53,Davis-Young,SUCCESS,0,,
d41c20ef-b2b5-47e3-bcb3-bd5f6227eb98,2023-01-10T08:00:00,usr_27ea4bbc4f,TRANSACTION,dev_628a5ead,124.253.16.78,93.56,French-Freeman,SUCCESS,0,,
b9276c44-cbd8-4e0c-a52a-3bf063f605a9,2023-01-10T13:00:00,usr_3fbb821eef,TRANSACTION,dev_7b8589fd,54.60.72.248,129.58,Beck-Mejia,SUCCESS,0,,
aeb61782-7f7b-4401-a9bc-7c8d704890c3,2023-01-10T14:00:00,usr_e80ba7edcb,TRANSACTION,dev_95ae50cd,72.39.11.99,105.43,Carter Ltd,SUCCESS,0,,
c267d6e1-229e-46a3-b3d9-44ca60476a7d,2023-01-10T14:00:00,usr_65eb4d3d9b,TRANSACTION,dev_59822b9d,32.247.229.220,26.96,Frederick-Owens,SUCCESS,0,,
36293942-2bfa-4629-9624-554e98f3e73d,2023-01-11T00:00:00,usr_d856b15bb2,LOGIN,dev_4356454b,12.238.202.200,0.0,,SUCCESS,0,,
7356a7bf-ede5-4920-8ef0-1e9f600cd372,2023-01-11T00:00:00,usr_e78f9789f1,LOGIN,dev_2c900822,181.250.97.221,0.0,,SUCCESS,0,,
b1889a21-03d5-4efe-8dc0-67f73ab7d836,2023-01-11T08:00:00,usr_779c76f123,TRANSACTION,dev_25323184,156.29.19.186,10.27,Tanner LLC,SUCCESS,0,,
2824df92-9b02-4029-a61b-1b65bd3c4794,2023-01-11T10:00:00,usr_1b5274d284,TRANSACTION,dev_46d9ff4c,147.109.168.27,95.44,"Johnson, Roberts and Taylor",SUCCESS,0,,
01263b56-fede-44e5-89f7-55c8587de567,2023-01-11T10:00:00,usr_274d8943de,TRANSACTION,dev_2e7b9e8c,114.180.236.128,10.19,Campos-Bradley,SUCCESS,0,,
4b2247b8-cd1b-4a11-8494-c192776f2bee,2023-01-11T11:00:00,usr_f2c1decefd,TRANSACTION,dev_71173962,24.74.63.40,142.9,"Rodriguez, Perry and Cunningham",SUCCESS,0,,
76353799-b63c-4273-9e1f-48883d161e82,2023-01-11T11:00:00,usr_4bdb163f08,TRANSACTION,dev_20947266,58.22.106.105,77.99,Warner-Mitchell,SUCCESS,0,,
4ced5712-5bd1-4404-9afd-3dc95964d40a,2023-01-11T22:00:00,usr_67de875ced,TRANSACTION,dev_bee99658,180.180.38.96,115.29,Ramirez-Morales,SUCCESS,0,,
1e7d6fdd-f9df-4eb2-93b6-a8a06c3c5d8a,2023-01-12T00:00:00,usr_d371b5905d,LOGIN,dev_8f6e3006,77.44.181.51,0.0,,SUCCESS,0,,
e53f6203-b5f4-468c-8ddc-80b4d5c82a91,2023-01-12T00:00:00,usr_bb60cd53a4,TRANSACTION,dev_9745d4f1,122.78.247.195,36.2,Patton-Ortega,SUCCESS,0,,
746acd33-5a1f-4f0f-8662-1fc057d227c7,2023-01-12T01:00:00,usr_35fb4b1a90,TRANSACTION,dev_28b5f86d,119.235.11.140,21.72,Hayes Ltd,SUCCESS,0,,
d323f608-c212-443b-8700-0c9f5e03532e,2023-01-12T04:00:00,usr_aa648189ea,TRANSACTION,dev_edeb5411,39.161.239.176,63.68,Davis-Allen,SUCCESS,0,,
c7fded7e-0aa3-4605-b3f8-0f2225e8253b,2023-01-12T08:00:00,usr_1992d97d05,TRANSACTION,dev_66966158,172.91.34.239,11.37,"Anderson, Nguyen and Simmons",SUCCESS,0,,
07dd879f-d2ee-4b4f-9d42-556f4ac3b956,2023-01-12T10:00:00,usr_1b5c124f33,TRANSACTION,dev_c6499441,41.192.2.59,137.62,"Thompson, Woods and Brown",SUCCESS,0,,
ae3e5865-cc2a-4e42-a00c-017f459538a4,2023-01-12T11:00:00,usr_6b7fc464e7,TRANSACTION,dev_384e052b,38.68.107.81,37.05,"Sharp, Jones and Butler",SUCCESS,0,,
564a244c-dd86-459f-8e52-b5ad4805220e,2023-01-12T18:00:00,usr_4bdb163f08,TRANSACTION,dev_20947266,58.22.106.105,15.35,Palmer-Porter,SUCCESS,0,,
50d82545-642b-4c23-a84f-2395776bb71f,2023-01-12T19:00:00,usr_f2c1decefd,TRANSACTION,dev_71173962,24.74.63.40,61.24,Lowe Inc,SUCCESS,0,,
8937a15c-e3d4-4f8e-99e2-acf1011bcb91,2023-01-13T00:00:00,usr_94530f8972,LOGIN,dev_6368638d,215.69.96.21,0.0,,SUCCESS,0,,
2ad849f1-e874-43ae-9243-316939bc8d08,2023-01-13T00:00:00,usr_c2aa3a171a,LOGIN,dev_126a7039,220.95.21.213,0.0,,SUCCESS,0,,
897bf539-0990-49fc-879d-179a82472812,2023-01-13T00:00:00,usr_2719589812,LOGIN,dev_e8fcd948,150.28.71.118,0.0,,SUCCESS,0,,
01087cb5-2b7a-47a8-8c39-cc55928bc65f,2023-01-13T00:00:00,usr_56bfdc2bbe,LOGIN,dev_d121097b,219.231.142.124,0.0,,SUCCESS,0,,
1f3f1df3-7016-48ab-a10e-c0922e4c7086,2023-01-13T02:00:00,usr_8ccbe5ce7a,TRANSACTION,dev_735ed083,203.214.163.50,89.32,"Harris, Brown and Clark",SUCCESS,0,,
7c244ce6-1660-4748-a65f-ec86e9130f5b,2023-01-13T02:00:00,usr_d371b5905d,TRANSACTION,dev_8f6e3006,77.44.181.51,63.05,Hammond PLC,SUCCESS,0,,
f7b0afd0-29c7-4891-a797-21c0a8544f57,2023-01-13T04:00:00,usr_6fff6280bf,TRANSACTION,dev_a21592a8,38.75.98.60,47.47,Stevenson-Rowe,SUCCESS,0,,
1d526a98-50af-48e7-8fe3-4b1af1b98b83,2023-01-13T06:00:00,usr_e78f9789f1,TRANSACTION,dev_2c900822,181.250.97.221,35.42,"Smith, Nelson and Johnson",SUCCESS,0,,
63b2c236-740a-46a2-83c1-c03b46403f2f,2023-01-13T07:00:00,usr_3c4b8a91d3,TRANSACTION,dev_3f0c0548,101.102.23.29,104.99,"Williams, Werner and Evans",SUCCESS,0,,
9823af6d-3035-418b-8045-0d71096fce2b,2023-01-13T07:00:00,usr_67de875ced,TRANSACTION,dev_bee99658,180.180.38.96,63.16,Johnson-Carr,SUCCESS,0,,
97f1d0f0-afe6-451d-9399-54af4bb452c0,2023-01-13T07:00:00,usr_eb3879ae5e,TRANSACTION,dev_30dd7377,199.249.85.95,69.15,"Moreno, Jefferson and Harris",SUCCESS,0,,
45913a9f-8093-423a-b9de-15f9c67a0c83,2023-01-13T12:00:00,usr_1b5274d284,TRANSACTION,dev_46d9ff4c,147.109.168.27,73.09,Mcfarland-Perry,SUCCESS,0,,
b743db2d-598f-4147-8eeb-c0b7c9df139b,2023-01-13T13:00:00,usr_27ea4bbc4f,TRANSACTION,dev_628a5ead,124.253.16.78,28.72,Valdez LLC,SUCCESS,0,,
d5168a10-6ad8-4691-8920-1d352892381a,2023-01-13T17:00:00,usr_0e55003ec7,TRANSACTION,dev_af3c93f9,22.30.29.64,121.67,"Holt, Miller and Meyer",SUCCESS,0,,
ae2d9637-32e7-4141-9a24-5840df2581b5,2023-01-13T23:00:00,usr_13056c7805,TRANSACTION,dev_1c6f1531,175.42.237.59,88.23,"Reed, Cruz and Cuevas",SUCCESS,0,,
5033c776-55c5-43ad-be45-15b7edac6009,2023-01-14T00:00:00,usr_3d07252cfc,LOGIN,dev_f817388c,168.147.34.114,0.0,,SUCCESS,0,,
71c2a986-55a8-4ded-8525-4ad2ad5147e2,2023-01-14T00:00:00,usr_5b2e16dce3,REFUND,dev_0c379024,134.233.61.80,179.14,Fashion Retailer,SUCCESS,1,56e20350-826c-4a34-b8d5-9d534a8d888b,
cd776222-db2a-48da-841f-4d371f158d5c,2023-01-14T00:00:00,usr_ff2b2dd1d2,LOGIN,dev_9df517b1,180.125.3.226,0.0,,SUCCESS,0,,
527bf605-6da7-41b8-893a-82e76e987c7b,2023-01-14T00:00:00,usr_1981c2e1bf,TRANSACTION,dev_70484a39,156.67.143.171,291.49,Fashion Retailer,SUCCESS,1,,
b087d247-30f5-45c4-bc7e-2ac07ff154d4,2023-01-14T00:00:00,usr_328c54f1a2,LOGIN,dev_9b84c517,95.32.118.117,0.0,,SUCCESS,0,,
fce50184-6b05-40b1-aa32-cb4be6f2b8cd,2023-01-14T00:00:00,usr_4c7105806a,LOGIN,dev_9ad11e85,205.169.114.41,0.0,,SUCCESS,0,,
5c0c90cb-f459-4d28-ae1a-e08f7b754b26,2023-01-14T03:00:00,usr_07a141c1fd,TRANSACTION,dev_806073c2,191.78.147.56,124.87,"Riley, Benton and Evans",SUCCESS,0,,
e0e7de46-c4b5-45a3-8963-8e1644b7a066,2023-01-14T08:00:00,usr_804ef8a677,TRANSACTION,dev_c122339c,222.116.19.23,145.62,"Wilson, Ford and Roberson",SUCCESS,0,,
29441951-2ce9-4213-8c2a-c8db131e9b6a,2023-01-14T09:00:00,usr_c2aa3a171a,TRANSACTION,dev_126a7039,220.95.21.213,91.08,"Kim, Moreno and Dean",SUCCESS,0,,
5d6eca19-c6f2-456f-9e04-f4f553821da4,2023-01-14T10:00:00,usr_d856b15bb2,TRANSACTION,dev_4356454b,12.238.202.200,64.28,"Bartlett, Koch and Bailey",SUCCESS,0,,
46ece338-30e6-45ab-bfcd-35b56849fc68,2023-01-14T10:00:00,usr_e78f9789f1,TRANSACTION,dev_2c900822,181.250.97.221,111.82,Jones-Robinson,SUCCESS,0,,
f3c4ecc0-8bc2-4a9a-adab-3e3cb11bbd6e,2023-01-14T15:00:00,usr_c0691f6af7,TRANSACTION,dev_5db7954e,23.201.66.77,38.24,Foster LLC,SUCCESS,0,,
bca315ff-b50b-4017-a7a3-f0a6183d376a,2023-01-14T15:00:00,usr_eb3879ae5e,TRANSACTION,dev_30dd7377,199.249.85.95,61.49,"Chung, Le and Thomas",SUCCESS,0,,
2c8708a2-b9f4-410c-b9a1-3f48a5ac5cfe,2023-01-14T17:00:00,usr_274d8943de,TRANSACTION,dev_2e7b9e8c,114.180.236.128,79.93,"Nichols, George and Meyers",SUCCESS,0,,
5064c4e7-67bb-4a64-9c9d-269ccad0951a,2023-01-14T18:00:00,usr_65eb4d3d9b,TRANSACTION,dev_59822b9d,32.247.229.220,20.97,"Morrow, Fletcher and Hansen",SUCCESS,0,,
34d4964d-7c90-4251-9ab2-56474b66dcaa,2023-01-14T19:00:00,usr_f2c1decefd,LOGIN,dev_4b3c5e7f,193.10.117.87,0.0,,SUCCESS,1,,
f3408cce-eb0e-4652-8fde-470c7c35699c,2023-01-14T19:03:00,usr_f2c1decefd,TRANSACTION,dev_4b3c5e7f,193.10.117.87,1379.93,Luxury Electronics,SUCCESS,1,,
7c20d8e3-bef4-42ce-9c70-2b3cc4d7620e,2023-01-14T19:04:00,usr_f2c1decefd,TRANSACTION,dev_4b3c5e7f,193.10.117.87,1397.36,Luxury Electronics,SUCCESS,1,,
18915c0f-ac2d-413c-a865-9b29ca5fd5b2,2023-01-14T19:08:00,usr_f2c1decefd,TRANSACTION,dev_4b3c5e7f,193.10.117.87,527.02,Luxury Electronics,SUCCESS,1,,
437ce5bc-0a6f-431f-b649-d9d066e6cc4a,2023-01-14T20:00:00,usr_27ea4bbc4f,TRANSACTION,dev_628a5ead,124.253.16.78,129.29,"Bennett, Mcdonald and Johnson",SUCCESS,0,,
b9c27152-a67a-4109-bfab-d96ac814a2f6,2023-01-14T22:00:00,usr_e80ba7edcb,TRANSACTION,dev_95ae50cd,72.39.11.99,45.63,Wells-Medina,SUCCESS,0,,
1cbe7d50-1ea8-44c7-8b4e-4a173a7d7d8b,2023-01-15T00:00:00,usr_4b9f301ecc,LOGIN,dev_d53f53c5,96.77.79.117,0.0,,SUCCESS,0,,
7f9936e0-a004-4998-b280-86937e5de4e9,2023-01-15T00:00:00,usr_4bdb163f08,TRANSACTION,dev_20947266,58.22.106.105,55.02,"Moore, Gonzalez and Ellison",SUCCESS,0,,
9fdd1dd8-9e57-4460-a57f-0417e3995292,2023-01-15T00:00:00,usr_e491a3a166,LOGIN,dev_37182e0a,158.171.136.94,0.0,,SUCCESS,0,,
4a3b1f9c-abee-42d7-a1dc-ea8fe8d9c5b9,2023-01-15T00:00:00,usr_7992a3f80c,TRANSACTION,dev_3e75fa0b,43.177.158.49,33.52,Cooper-Taylor,SUCCESS,0,,
754fddf2-3f26-4a05-a84b-80cffb323648,2023-01-15T00:00:00,usr_8b062ee676,LOGIN,dev_dfbe10f6,148.8.232.110,0.0,,SUCCESS,0,,
fbce03fb-5eaa-4f50-bcec-b2c7ab35224a,2023-01-15T04:00:00,usr_6fff6280bf,LOGIN,dev_10f85aa4,193.10.245.184,0.0,,SUCCESS,1,,
ecfe0f45-27ee-4c19-bbe0-d6c2759d75e7,2023-01-15T04:03:00,usr_6fff6280bf,TRANSACTION,dev_10f85aa4,193.10.245.184,1141.27,Luxury Electronics,SUCCESS,1,,
19244b73-a948-4fb3-8ec8-324c5da7c38c,2023-01-15T04:08:00,usr_6fff6280bf,TRANSACTION,dev_10f85aa4,193.10.245.184,546.94,Luxury Electronics,SUCCESS,1,,
6f73f65d-8944-4534-9db3-813d680c6d93,2023-01-15T04:13:00,usr_6fff6280bf,TRANSACTION,dev_10f85aa4,193.10.245.184,843.61,Luxury Electronics,SUCCESS,1,,
9caa2fae-bd89-4ad9-ac20-37a579688cdd,2023-01-15T05:00:00,usr_07a141c1fd,TRANSACTION,dev_806073c2,191.78.147.56,25.09,"Grant, Bruce and Campbell",SUCCESS,0,,
b9b8b8f4-f51a-420b-b730-1aace5ce3295,2023-01-15T07:00:00,usr_67de875ced,LOGIN,dev_154a1b3f,193.10.222.23,0.0,,SUCCESS,1,,
93b75525-2ac9-42ad-b565-2a9b27f0c26e,2023-01-15T07:01:00,usr_67de875ced,TRANSACTION,dev_154a1b3f,193.10.222.23,1082.69,Luxury Electronics,SUCCESS,1,,
1e38ca54-0908-49db-8594-8a0e1ae86bd4,2023-01-15T07:03:00,usr_67de875ced,TRANSACTION,dev_154a1b3f,193.10.222.23,1471.06,Luxury Electronics,SUCCESS,1,,
7aecf412-378a-41cf-8bec-06e4deb5c0db,2023-01-15T07:05:00,usr_67de875ced,TRANSACTION,dev_154a1b3f,193.10.222.23,560.0,Luxury Electronics,SUCCESS,1,,
66ec57c2-55d8-4f09-b518-4b5574d1a4a6,2023-01-15T11:00:00,usr_fac809fb5a,TRANSACTION,dev_9ec30e59,123.11.111.19,129.21,Dunn Ltd,SUCCESS,0,,
0322dc07-af8b-4252-9bc6-cf56a942d576,2023-01-15T20:00:00,usr_eb3879ae5e,TRANSACTION,dev_30dd7377,199.249.85.95,83.6,Jones-Navarro,SUCCESS,0,,
1f5ee7a1-e8e6-47f7-a428-99c5cb6cd4b8,2023-01-16T00:00:00,usr_d7cdd17d17,LOGIN,dev_6137bb10,164.177.192.30,0.0,,SUCCESS,0,,
e164a50f-98c6-4e06-a127-68f93e81265d,2023-01-16T00:00:00,usr_f75d002e9e,LOGIN,dev_3564c02a,1.154.143.191,0.0,,SUCCESS,0,,
d79ddc12-9710-409e-9620-15c93ece5bb8,2023-01-16T00:00:00,usr_d8036ad122,LOGIN,dev_3c535e64,182.12.26.237,0.0,,SUCCESS,0,,
af20ccc0-f17f-41e2-bf3e-4764b6121e09,2023-01-16T00:00:00,usr_a061d67dff,LOGIN,dev_93c4f011,146.29.62.47,0.0,,SUCCESS,0,,
475c29bd-b572-477c-8963-4d5312e83082,2023-01-16T00:00:00,usr_79117b8706,LOGIN,dev_8a819110,24.72.62.0,0.0,,SUCCESS,0,,
b222bca3-7601-45f5-84fa-0a95eeebab79,2023-01-16T00:00:00,usr_f13c4cd4bd,LOGIN,dev_827e9de8,11.117.155.240,0.0,,SUCCESS,0,,
945af3ee-b888-4390-8daf-4abc58952b6c,2023-01-16T02:00:00,usr_synth_6711a4,BNPL_APPLICATION,dev_71e2809f,28.241.9.86,1000.0,,PENDING,1,,
c3b1f33b-f2a0-4072-8564-267a85cdf92d,2023-01-16T04:00:00,usr_4b9f301ecc,TRANSACTION,dev_d53f53c5,96.77.79.117,43.63,Howard and Sons,SUCCESS,0,,
262a31dc-ff94-4690-b602-22ab71e65271,2023-01-16T04:00:00,usr_synth_6710ae,BNPL_APPLICATION,dev_71e2809f,28.241.9.86,1000.0,,PENDING,1,,
36620591-127f-4ac8-b4c3-e84fc0275446,2023-01-16T06:00:00,usr_synth_901697,BNPL_APPLICATION,dev_71e2809f,28.241.9.86,1000.0,,PENDING,1,,
761c56a6-ae1b-4cf1-ab72-c5ce9ac694d0,2023-01-16T08:00:00,usr_7992a3f80c,TRANSACTION,dev_3e75fa0b,43.177.158.49,118.05,"Harris, Griffin and White",SUCCESS,0,,
d62f1049-f114-461b-90ef-10f9251dea25,2023-01-16T09:00:00,usr_2719589812,TRANSACTION,dev_e8fcd948,150.28.71.118,15.23,Morton PLC,SUCCESS,0,,
65ed53a7-ad8c-4d85-9fbf-29a23a888379,2023-01-16T10:00:00,usr_synth_b716fc,BNPL_APPLICATION,dev_71e2809f,28.241.9.86,1000.0,,PENDING,1,,
5ee356c7-a05a-45a3-927b-bbae84dfcf74,2023-01-16T11:00:00,usr_779c76f123,TRANSACTION,dev_25323184,156.29.19.186,28.23,Thompson and Sons,SUCCESS,0,,
d538c5b0-aecc-4501-b5ef-968c25a62496,2023-01-16T11:00:00,usr_synth_e52983,BNPL_APPLICATION,dev_71e2809f,28.241.9.86,1000.0,,PENDING,1,,
453dee25-3f16-4a5b-af82-ffc4d6d94793,2023-01-16T12:00:00,usr_ff2b2dd1d2,TRANSACTION,dev_9df517b1,180.125.3.226,76.37,Nichols Group,SUCCESS,0,,
56c42eda-7b8c-45a0-b263-9811e02dae10,2023-01-16T12:00:00,usr_bb60cd53a4,TRANSACTION,dev_9745d4f1,122.78.247.195,92.31,Flores Ltd,SUCCESS,0,,
c32daeb3-ebe3-43fd-9c73-edb5e097ac3e,2023-01-16T17:00:00,usr_804ef8a677,TRANSACTION,dev_c122339c,222.116.19.23,106.34,White-Ellis,SUCCESS,0,,
7e96e668-988a-4334-a76b-0d5845953bf5,2023-01-17T00:00:00,usr_7258ec9443,LOGIN,dev_e8adee66,156.245.167.54,0.0,,SUCCESS,0,,
bc4e6cfe-ecc3-492a-886e-e345cf12c624,2023-01-17T00:00:00,usr_5b2e16dce3,TRANSACTION,dev_0c379024,134.233.61.80,282.63,Fashion Retailer,SUCCESS,1,,
5dd3ea2b-7217-4c40-9c6b-59f08cb177ef,2023-01-17T00:00:00,usr_6d190b5826,LOGIN,dev_dc1bd5be,88.235.11.222,0.0,,SUCCESS,0,,
87714ee4-1531-4920-913f-85b77d5f3fe3,2023-01-17T01:00:00,usr_274d8943de,TRANSACTION,dev_2e7b9e8c,114.180.236.128,147.98,"Flores, Macdonald and Valdez",SUCCESS,0,,
7caf1f57-5c8a-4acb-8b03-1ff1127b7511,2023-01-17T01:00:00,usr_0e55003ec7,TRANSACTION,dev_af3c93f9,22.30.29.64,95.92,"Preston, Humphrey and Anderson",SUCCESS,0,,
5bb3bf50-1bcb-4935-bdb0-fbfcc97b1231,2023-01-17T02:00:00,usr_3d07252cfc,TRANSACTION,dev_f817388c,168.147.34.114,42.27,"Tanner, Maldonado and Hartman",SUCCESS,0,,
f2084ac9-2d27-46b1-a404-e8c35f955d07,2023-01-17T06:00:00,usr_94530f8972,TRANSACTION,dev_6368638d,215.69.96.21,112.59,"Sanders, Taylor and Ward",SUCCESS,0,,
37f146c6-c563-4401-ad1b-69770d069189,2023-01-17T11:00:00,usr_4c7105806a,TRANSACTION,dev_9ad11e85,205.169.114.41,60.38,Gomez LLC,SUCCESS,0,,
934ef2c6-8e4c-40c1-bb73-aae4be8f1085,2023-01-17T13:00:00,usr_8ccbe5ce7a,TRANSACTION,dev_735ed083,203.214.163.50,123.25,Hernandez-Cochran,SUCCESS,0,,
12d30c3f-6706-471f-9f52-67f2e9ee36ba,2023-01-18T00:00:00,usr_2970eca822,BNPL_APPLICATION,dev_338dcceb,205.233.25.161,2000.0,,APPROVED,1,,
295a5c9c-c116-41d3-a07d-3deedc6db86e,2023-01-18T00:00:00,usr_1b5274d284,TRANSACTION,dev_46d9ff4c,147.109.168.27,76.42,Reynolds LLC,SUCCESS,0,,
649597f6-37ab-4774-87fc-307c44d4d53c,2023-01-18T00:00:00,usr_bee3c3502d,LOGIN,dev_d9e8e6f6,217.116.64.26,0.0,,SUCCESS,0,,
b9280a3c-0234-4186-b1c4-4bedb979309a,2023-01-18T00:00:00,usr_3d083fa5c8,LOGIN,dev_8bdf6784,52.5.16.11,0.0,,SUCCESS,0,,
72a509f4-f57d-4d75-bc2d-d032d3098e29,2023-01-18T00:00:00,usr_1981c2e1bf,REFUND,dev_70484a39,156.67.143.171,291.49,Fashion Retailer,SUCCESS,1,527bf605-6da7-41b8-893a-82e76e987c7b,
8671a517-5c99-46fe-a7ac-22d9bad97bcd,2023-01-18T00:00:00,usr_7744811bee,LOGIN,dev_5aff5cc2,205.55.58.130,0.0,,SUCCESS,0,,
57c5c5d6-6981-414f-acaf-2e486a2d1685,2023-01-18T00:01:00,usr_78ae06b555,TRANSACTION,dev_8dea2bbd,3.110.115.122,0.78,Digital Goods Store,SUCCESS,1,,
506ca6bc-ede1-4047-8c21-0b9f7af2ce41,2023-01-18T00:03:00,usr_78ae06b555,TRANSACTION,dev_8dea2bbd,3.110.115.122,2.09,Digital Goods Store,SUCCESS,1,,
a203bf70-62a4-4ab7-81bb-f9d81a4f1e33,2023-01-18T00:04:00,usr_78ae06b555,TRANSACTION,dev_8dea2bbd,3.110.115.122,1.29,Digital Goods Store,SUCCESS,1,,
964ab1d6-32f6-449e-9811-6affff385ea4,2023-01-18T00:06:00,usr_78ae06b555,TRANSACTION,dev_8dea2bbd,3.110.115.122,1.55,Digital Goods Store,SUCCESS,1,,
68b7f888-1b7f-42ce-9ed7-29cb8e144938,2023-01-18T00:08:00,usr_78ae06b555,TRANSACTION,dev_8dea2bbd,3.110.115.122,0.87,Digital Goods Store,SUCCESS,1,,
9731abc2-ccce-4b78-ae64-cef013917f37,2023-01-18T00:10:00,usr_2970eca822,P2P_TRANSFER,dev_338dcceb,205.233.25.161,1950.0,,SUCCESS,1,,usr_174504faff
813d65e4-5ddd-4346-8be0-35795dcaf127,2023-01-18T00:13:00,usr_78ae06b555,TRANSACTION,dev_8dea2bbd,3.110.115.122,1265.69,High-Value Retailer,SUCCESS,1,,
277d8631-a861-4bbf-91cc-b80339527b35,2023-01-18T00:25:00,usr_174504faff,P2P_TRANSFER,dev_338dcceb,205.233.25.161,1900.0,,SUCCESS,1,,usr_e4478009be
d67c41ff-480e-4d11-803a-1e52d1b278ef,2023-01-18T01:25:00,usr_e4478009be,CASHOUT,dev_338dcceb,205.233.25.161,1850.0,Crypto Exchange X,SUCCESS,1,,
edfa36f7-15ed-4114-9b43-e0e135d654c3,2023-01-18T03:00:00,usr_56bfdc2bbe,TRANSACTION,dev_d121097b,219.231.142.124,38.55,"Perry, Reed and Lopez",SUCCESS,0,,
d3fa0b71-6084-443b-b669-54cd24fcd6e2,2023-01-18T04:00:00,usr_79117b8706,TRANSACTION,dev_8a819110,24.72.62.0,22.57,Shields Inc,SUCCESS,0,,
f5a663ba-cc79-4b77-8715-0da85cc9fddf,2023-01-18T05:00:00,usr_d7cdd17d17,TRANSACTION,dev_6137bb10,164.177.192.30,119.6,Orr PLC,SUCCESS,0,,
6dac7d96-8b0f-4974-a6bd-5c6eaba19114,2023-01-18T07:00:00,usr_3d07252cfc,TRANSACTION,dev_f817388c,168.147.34.114,51.36,Anderson-Ramos,SUCCESS,0,,
9d8eb045-151d-477b-bfe3-40603eba11fc,2023-01-18T08:00:00,usr_a061d67dff,TRANSACTION,dev_93c4f011,146.29.62.47,106.95,Thompson-Stephens,SUCCESS,0,,
5b43b8ce-55d2-4439-abaf-b72a7dd87171,2023-01-18T12:00:00,usr_d371b5905d,TRANSACTION,dev_8f6e3006,77.44.181.51,26.17,Smith and Sons,SUCCESS,0,,
8eab9e48-b17a-4013-b649-6cc66a8aab38,2023-01-18T16:00:00,usr_d856b15bb2,TRANSACTION,dev_4356454b,12.238.202.200,106.86,Bell-Spears,SUCCESS,0,,
45c87d14-4c4c-4312-be12-6fa1fd5dccb7,2023-01-18T17:00:00,usr_c2aa3a171a,TRANSACTION,dev_126a7039,220.95.21.213,142.88,Watkins PLC,SUCCESS,0,,
18fecb5a-b069-4845-889d-59b2be263220,2023-01-19T00:00:00,usr_6eff7c405d,LOGIN,dev_36bf0750,30.109.25.15,0.0,,SUCCESS,0,,
a728688d-ad82-4965-b16b-6415aa122c35,2023-01-19T00:00:00,usr_1981c2e1bf,TRANSACTION,dev_70484a39,156.67.143.171,231.55,Fashion Retailer,SUCCESS,1,,
acf89ebf-48a9-4479-9a03-9f4844b19dcc,2023-01-19T00:00:00,usr_1d56c361ff,TRANSACTION,dev_e877d877,38.173.216.12,221.46,Fashion Retailer,SUCCESS,1,,
f1eedd3e-477f-483d-aed6-c198412f362b,2023-01-19T04:00:00,usr_e491a3a166,TRANSACTION,dev_37182e0a,158.171.136.94,91.33,Wells LLC,SUCCESS,0,,
ed782978-d8a5-46c0-bd16-7125e01a89d9,2023-01-19T04:00:00,usr_f13c4cd4bd,TRANSACTION,dev_827e9de8,11.117.155.240,146.28,Harris LLC,SUCCESS,0,,
6d7bdd82-764e-4d1d-8f60-e9f75f9844e3,2023-01-19T05:00:00,usr_3d083fa5c8,TRANSACTION,dev_8bdf6784,52.5.16.11,148.9,"Brown, Long and Holder",SUCCESS,0,,
89b22f66-8293-4aac-a8b5-31483d4e381c,2023-01-19T06:00:00,usr_328c54f1a2,TRANSACTION,dev_9b84c517,95.32.118.117,68.96,Brown-Hopkins,SUCCESS,0,,
d916397b-92f0-4531-a934-cc9f77bf2155,2023-01-19T21:00:00,usr_c0691f6af7,TRANSACTION,dev_5db7954e,23.201.66.77,40.99,Jackson-Chandler,SUCCESS,0,,
d24bff99-246f-4a82-9108-c0967760c6c7,2023-01-20T00:00:00,usr_9d8ab963c6,LOGIN,dev_2b0432bc,117.3.128.143,0.0,,SUCCESS,0,,
3a60cb87-40a2-4092-8115-189c401395f9,2023-01-20T00:00:00,usr_e1256658ab,BNPL_APPLICATION,dev_8b43195c,79.145.142.219,2000.0,,APPROVED,1,,
dadc9b4f-2a44-4dd4-b5f2-2c521210fa8f,2023-01-20T00:00:00,usr_5b2e16dce3,REFUND,dev_0c379024,134.233.61.80,282.63,Fashion Retailer,SUCCESS,1,bc4e6cfe-ecc3-492a-886e-e345cf12c624,
d521aee3-6de9-4f5f-93aa-60ca6f4e5388,2023-01-20T00:00:00,usr_4be8d65061,LOGIN,dev_fc63ed73,211.79.188.170,0.0,,SUCCESS,0,,
80443398-7b78-4de6-ad81-24aa7e234af6,2023-01-20T00:00:00,usr_b5e4ee9e2c,LOGIN,dev_e95aa497,223.100.227.182,0.0,,SUCCESS,0,,
c907179f-b35f-42b0-bf58-f0c901f40d04,2023-01-20T00:00:00,usr_2074ea0629,LOGIN,dev_5584268b,152.179.81.250,0.0,,SUCCESS,0,,
4409fbfa-2f3c-4973-81d0-788c30e40ffa,2023-01-20T00:10:00,usr_e1256658ab,P2P_TRANSFER,dev_8b43195c,79.145.142.219,1950.0,,SUCCESS,1,,usr_e6ba6762b6
a959d928-6980-4a7d-aea7-14b394aab9ec,2023-01-20T00:25:00,usr_e6ba6762b6,P2P_TRANSFER,dev_8b43195c,79.145.142.219,1900.0,,SUCCESS,1,,usr_10d9bf99f7
77d6ee02-e941-41dc-b91d-460aca60ed90,2023-01-20T01:00:00,usr_bee3c3502d,TRANSACTION,dev_d9e8e6f6,217.116.64.26,52.2,Robertson-Cook,SUCCESS,0,,
c8c5b154-3407-48dc-b01f-3ac4089ceb67,2023-01-20T01:25:00,usr_10d9bf99f7,CASHOUT,dev_8b43195c,79.145.142.219,1850.0,Crypto Exchange X,SUCCESS,1,,
161189a6-fee9-4d01-8d3a-491df539ca41,2023-01-20T06:00:00,usr_8b062ee676,TRANSACTION,dev_dfbe10f6,148.8.232.110,29.21,Palmer PLC,SUCCESS,0,,
b0b20004-62ac-4206-987f-c5121b50e080,2023-01-20T08:00:00,usr_e80ba7edcb,TRANSACTION,dev_95ae50cd,72.39.11.99,120.96,"Flores, Reilly and Sanchez",SUCCESS,0,,
ee5c4704-31d2-4cf5-88fd-0ca9632cb621,2023-01-20T10:00:00,usr_07a141c1fd,TRANSACTION,dev_806073c2,191.78.147.56,99.68,Malone-Cabrera,SUCCESS,0,,
13bc9c22-a817-4551-9326-002c0b79ba15,2023-01-21T00:00:00,usr_1b4be5bf14,LOGIN,dev_1c1b085d,162.180.55.115,0.0,,SUCCESS,0,,
c1e4d619-6c0e-4fce-b21c-bec5bdf9d96a,2023-01-21T00:00:00,usr_f88f6a4fbd,LOGIN,dev_eb21dec2,121.154.196.166,0.0,,SUCCESS,0,,
5668c649-b388-4c67-97fe-9d02cfb9053b,2023-01-21T00:00:00,usr_979ea1b5ed,LOGIN,dev_b7ffb8a3,158.152.110.174,0.0,,SUCCESS,0,,
74d73e72-a66d-447a-8f1d-8c5968ceb55c,2023-01-21T00:00:00,usr_fcc6ccbc0b,LOGIN,dev_0ac54faf,167.197.31.55,0.0,,SUCCESS,0,,
6b92cc71-4f56-4225-b092-13fceb99c57c,2023-01-21T00:00:00,usr_1d56c361ff,REFUND,dev_e877d877,38.173.216.12,221.46,Fashion Retailer,SUCCESS,1,acf89ebf-48a9-4479-9a03-9f4844b19dcc,
57eefd6c-4587-4b28-b84a-534d79e33b8b,2023-01-21T01:00:00,usr_d8036ad122,TRANSACTION,dev_3c535e64,182.12.26.237,47.19,"Lewis, Hill and Wilson",SUCCESS,0,,
27bd575f-97fd-4620-9290-370e686ba44f,2023-01-21T02:00:00,usr_0e55003ec7,TRANSACTION,dev_af3c93f9,22.30.29.64,145.07,Barnett Group,SUCCESS,0,,
020b97b3-ea6f-45fd-8fe4-a0c60535e2d3,2023-01-21T06:00:00,usr_f75d002e9e,TRANSACTION,dev_3564c02a,1.154.143.191,18.38,Allen-Hernandez,SUCCESS,0,,
4d4a9c6b-b9fc-4a55-b4fd-ae8a4fab5a15,2023-01-21T06:00:00,usr_6eff7c405d,TRANSACTION,dev_36bf0750,30.109.25.15,28.77,Farmer and Sons,SUCCESS,0,,
a345c629-0ab2-475d-bb8d-ff4169010be5,2023-01-21T06:00:00,usr_6d190b5826,TRANSACTION,dev_dc1bd5be,88.235.11.222,19.0,Dennis-Davis,SUCCESS,0,,
f200fb5e-bd61-44ac-83a1-54c3e3486f31,2023-01-21T09:00:00,usr_7258ec9443,TRANSACTION,dev_e8adee66,156.245.167.54,39.36,"Green, Johnson and Price",SUCCESS,0,,
3ff0ecde-4d00-43d9-b8fe-10c7a66c8f53,2023-01-21T11:00:00,usr_2074ea0629,TRANSACTION,dev_5584268b,152.179.81.250,37.66,"Hughes, Holmes and Shelton",SUCCESS,0,,
0ce7ccfd-c44c-431e-82f8-ee2b5bd1fcd9,2023-01-21T12:00:00,usr_328c54f1a2,TRANSACTION,dev_9b84c517,95.32.118.117,98.69,"Peterson, Pratt and Stephens",SUCCESS,0,,
7f53f049-7c04-4a25-afd3-1b43135ee5b8,2023-01-21T13:00:00,usr_d7cdd17d17,TRANSACTION,dev_6137bb10,164.177.192.30,50.06,Martin-Wilson,SUCCESS,0,,
de2383bb-36f8-4727-8867-4d2bda5dd7db,2023-01-21T20:00:00,usr_4c7105806a,TRANSACTION,dev_9ad11e85,205.169.114.41,123.82,Rangel PLC,SUCCESS,0,,
393bb4f4-ca10-45b1-bbe0-8a45265388d2,2023-01-21T21:00:00,usr_779c76f123,TRANSACTION,dev_25323184,156.29.19.186,47.51,Ramsey-Harris,SUCCESS,0,,
3a6e56bb-7278-4473-bc24-49437816737e,2023-01-21T21:00:00,usr_d371b5905d,TRANSACTION,dev_8f6e3006,77.44.181.51,141.44,Matthews-Baker,SUCCESS,0,,
5622e1d8-f182-480d-93c0-e767d926ea3f,2023-01-21T22:00:00,usr_d856b15bb2,TRANSACTION,dev_4356454b,12.238.202.200,148.99,"Pacheco, Olsen and Buchanan",SUCCESS,0,,
afe14771-0456-4e82-b90a-2d35b4136066,2023-01-21T23:00:00,usr_ff2b2dd1d2,TRANSACTION,dev_9df517b1,180.125.3.226,105.9,Rogers-Carter,SUCCESS,0,,
f0586842-88d0-40b8-a538-e113a7f61529,2023-01-22T00:00:00,usr_0a41704fa8,LOGIN,dev_a3c377db,177.107.13.193,0.0,,SUCCESS,0,,
374f4aca-976a-4824-a007-d71c483b635e,2023-01-22T00:00:00,usr_849d8f3a0b,LOGIN,dev_be142376,152.25.14.21,0.0,,SUCCESS,0,,
ade10d70-a114-40a2-8825-8a2b6a4646f4,2023-01-22T00:00:00,usr_5b2e16dce3,TRANSACTION,dev_0c379024,134.233.61.80,141.27,Fashion Retailer,SUCCESS,1,,
de971a74-a9b7-4308-adfd-4dacc05f4d85,2023-01-22T00:00:00,usr_e1072a9c8d,LOGIN,dev_063a2ab8,33.62.77.246,0.0,,SUCCESS,0,,
65ca5456-1443-498b-a343-f66be2b9e4f9,2023-01-22T02:00:00,usr_9d8ab963c6,TRANSACTION,dev_2b0432bc,117.3.128.143,49.21,Barber-Holt,SUCCESS,0,,
ab7a7d8c-799f-40cb-8dff-79c03bcfbb3c,2023-01-22T03:00:00,usr_979ea1b5ed,TRANSACTION,dev_b7ffb8a3,158.152.110.174,127.24,Dunn-Morse,SUCCESS,0,,
1e2bb440-9f87-4ef4-8e81-c65fe09b7d5b,2023-01-22T03:00:00,usr_804ef8a677,TRANSACTION,dev_c122339c,222.116.19.23,24.5,Brandt Group,SUCCESS,0,,
1670035f-8807-405a-9280-ad064afb4d40,2023-01-22T08:00:00,usr_e80ba7edcb,LOGIN,dev_36cf0462,193.10.135.209,0.0,,SUCCESS,1,,
45363a3d-96f6-4a5f-8220-108d27ffc161,2023-01-22T08:05:00,usr_e80ba7edcb,TRANSACTION,dev_36cf0462,193.10.135.209,1460.46,Luxury Electronics,SUCCESS,1,,
870e41bd-5509-49fb-81ba-c9f7ba713a91,2023-01-22T08:07:00,usr_e80ba7edcb,TRANSACTION,dev_36cf0462,193.10.135.209,954.12,Luxury Electronics,SUCCESS,1,,
dbaab147-5af4-43f2-937d-bd90dd4581c6,2023-01-22T08:08:00,usr_e80ba7edcb,TRANSACTION,dev_36cf0462,193.10.135.209,622.91,Luxury Electronics,SUCCESS,1,,
5938b07c-d84b-4e82-bd9e-034ddd63ad12,2023-01-22T10:00:00,usr_7744811bee,TRANSACTION,dev_5aff5cc2,205.55.58.130,75.42,"Long, Johnson and Stevens",SUCCESS,0,,
f45efc0b-d0af-48db-92bb-35c3f3de3c08,2023-01-22T11:00:00,usr_f75d002e9e,TRANSACTION,dev_3564c02a,1.154.143.191,31.16,Booth-Simmons,SUCCESS,0,,
41873401-9264-44f5-bfa3-e6b6d4c43b5d,2023-01-22T12:00:00,usr_b5e4ee9e2c,TRANSACTION,dev_e95aa497,223.100.227.182,18.01,Brock Inc,SUCCESS,0,,
3b71faf9-f0bc-4eef-b145-03b7dfcaa2fd,2023-01-22T13:00:00,usr_94530f8972,TRANSACTION,dev_6368638d,215.69.96.21,135.1,Krause PLC,SUCCESS,0,,
d8f10896-585c-4568-b295-d494889cdfe4,2023-01-22T13:00:00,usr_a061d67dff,TRANSACTION,dev_93c4f011,146.29.62.47,101.34,Kelley Group,SUCCESS,0,,
82ee76fd-b7ff-4454-b011-2eb1ff18f0e2,2023-01-22T13:00:00,usr_f13c4cd4bd,TRANSACTION,dev_827e9de8,11.117.155.240,39.1,Montgomery Ltd,SUCCESS,0,,
ef1de2c2-5b23-424a-afda-c6335750b001,2023-01-22T14:00:00,usr_2074ea0629,TRANSACTION,dev_5584268b,152.179.81.250,89.19,"Robbins, Scott and Barron",SUCCESS,0,,
932549aa-f085-4376-98a2-2bc9f3822883,2023-01-22T21:00:00,usr_7258ec9443,TRANSACTION,dev_e8adee66,156.245.167.54,139.75,"Peterson, Ware and Martin",SUCCESS,0,,
fa3f0e22-e063-4ca1-bde7-1d4c8b6e6fec,2023-01-23T00:00:00,usr_cc0f4a22f4,LOGIN,dev_9e4d477a,209.203.99.102,0.0,,SUCCESS,0,,
9a925a5e-f0fd-462c-814d-95f15745b87e,2023-01-23T00:00:00,usr_c953149f73,LOGIN,dev_0f70318e,113.160.121.62,0.0,,SUCCESS,0,,
3ef71132-a873-4237-aa9a-3d33116c8935,2023-01-23T00:00:00,usr_39c1dfff61,LOGIN,dev_23aa7261,123.63.7.141,0.0,,SUCCESS,0,,
c7ea9c5d-e8b9-42a5-b2cb-24f950298c68,2023-01-23T00:00:00,usr_a84add1a33,TRANSACTION,dev_0bec6c96,44.218.224.95,231.54,Fashion Retailer,SUCCESS,1,,
a1b9a784-8784-471c-8565-21008f8ba74e,2023-01-23T00:00:00,usr_1981c2e1bf,REFUND,dev_70484a39,156.67.143.171,231.55,Fashion Retailer,SUCCESS,1,a728688d-ad82-4965-b16b-6415aa122c35,
f665c2e1-3e91-432b-add6-bd756de2c32c,2023-01-23T00:00:00,usr_2ce5190a45,TRANSACTION,dev_800b79ff,21.35.156.15,170.77,Fashion Retailer,SUCCESS,1,,
2aa674aa-401a-400d-b782-b43854bc2df8,2023-01-23T02:00:00,usr_ff2b2dd1d2,TRANSACTION,dev_9df517b1,180.125.3.226,124.89,Smith Group,SUCCESS,0,,
c204938b-eaeb-4840-bc93-a3590db2c7ac,2023-01-23T05:00:00,usr_779c76f123,TRANSACTION,dev_25323184,156.29.19.186,41.79,Elliott-Murphy,SUCCESS,0,,
b65a9d6a-5851-4d6d-95da-96b18ace7901,2023-01-23T09:00:00,usr_6eff7c405d,TRANSACTION,dev_36bf0750,30.109.25.15,135.89,Singh-Allison,SUCCESS,0,,
c755e1c2-d897-4817-87fc-766b57e9da4c,2023-01-23T11:00:00,usr_07a141c1fd,TRANSACTION,dev_806073c2,191.78.147.56,10.28,"Powell, Richards and Davidson",SUCCESS,0,,
ca3f4166-a869-44b1-bc7e-c961bf2dae72,2023-01-23T11:00:00,usr_79117b8706,TRANSACTION,dev_8a819110,24.72.62.0,137.57,Parker-Wilson,SUCCESS,0,,
b1e92468-1e3a-4160-b353-2156f963602d,2023-01-23T11:00:00,usr_56bfdc2bbe,TRANSACTION,dev_d121097b,219.231.142.124,93.01,Smith-Garrett,SUCCESS,0,,
15539dfa-b379-488a-9738-b9a659cb0d4b,2023-01-23T12:00:00,usr_3d083fa5c8,TRANSACTION,dev_8bdf6784,52.5.16.11,17.95,Gonzales and Sons,SUCCESS,0,,
01fe2b11-5662-4b49-8ede-adc252c4f1d7,2023-01-23T13:00:00,usr_bee3c3502d,TRANSACTION,dev_d9e8e6f6,217.116.64.26,121.41,Taylor-Wheeler,SUCCESS,0,,
29abdd9b-fd10-49b1-ad43-48f20c19f289,2023-01-23T15:00:00,usr_d7cdd17d17,TRANSACTION,dev_6137bb10,164.177.192.30,111.27,Vaughn PLC,SUCCESS,0,,
2eab1bf5-a399-4465-8846-c41d91e3fa4f,2023-01-23T17:00:00,usr_94530f8972,TRANSACTION,dev_6368638d,215.69.96.21,80.75,Kim Group,SUCCESS,0,,
fe6c0117-d858-489e-b609-aee3de6d583a,2023-01-23T20:00:00,usr_7744811bee,TRANSACTION,dev_5aff5cc2,205.55.58.130,75.73,Stone LLC,SUCCESS,0,,
05b09b4f-f757-475a-951b-3bfd8ca60773,2023-01-23T21:00:00,usr_f75d002e9e,TRANSACTION,dev_3564c02a,1.154.143.191,139.28,Fowler-Lara,SUCCESS,0,,
aabaa41d-17be-4f51-b7be-a80add8e07ab,2023-01-23T23:00:00,usr_c2aa3a171a,TRANSACTION,dev_126a7039,220.95.21.213,125.07,"Taylor, Vasquez and Vance",SUCCESS,0,,
6d46f59c-16f1-4cab-928d-cccfa40e950c,2023-01-24T00:00:00,usr_511f89ecbc,LOGIN,dev_5220a91b,90.150.53.179,0.0,,SUCCESS,0,,
25db8071-6943-45f1-8630-67e3c60f3e15,2023-01-24T00:00:00,usr_b555287a63,LOGIN,dev_12dcd7c9,101.255.174.182,0.0,,SUCCESS,0,,
43ff2f85-4d21-4122-8eff-beb38571ad07,2023-01-24T00:00:00,usr_1981c2e1bf,TRANSACTION,dev_70484a39,156.67.143.171,157.57,Fashion Retailer,SUCCESS,1,,
b4ce79b0-c899-4af3-bc8c-89bc85501be5,2023-01-24T00:00:00,usr_a061d67dff,TRANSACTION,dev_93c4f011,146.29.62.47,48.72,Alvarez-Sosa,SUCCESS,0,,
fd218c08-613c-4629-9acc-04e3e8aa59b4,2023-01-24T00:00:00,usr_e044c05268,LOGIN,dev_13e25423,30.204.83.110,0.0,,SUCCESS,0,,
ae34fe81-5bd1-4aa0-8348-bd7706603db2,2023-01-24T00:00:00,usr_1d56c361ff,TRANSACTION,dev_e877d877,38.173.216.12,177.83,Fashion Retailer,SUCCESS,1,,
9f14b1bf-81ae-43a7-b725-10c7cb59b398,2023-01-24T01:00:00,usr_fcc6ccbc0b,TRANSACTION,dev_0ac54faf,167.197.31.55,19.08,Perez PLC,SUCCESS,0,,
74d0e547-1fe2-4de4-8c60-6b03c2b4960f,2023-01-24T03:00:00,usr_4be8d65061,TRANSACTION,dev_fc63ed73,211.79.188.170,110.11,"Williams, Welch and Mccarty",SUCCESS,0,,
4c9ea002-1444-48ba-a513-4b0af46b34f1,2023-01-24T07:00:00,usr_ff2b2dd1d2,TRANSACTION,dev_9df517b1,180.125.3.226,99.75,Thompson PLC,SUCCESS,0,,
0ce46350-f5f3-46dc-a29e-65bac7337168,2023-01-24T09:00:00,usr_cc0f4a22f4,TRANSACTION,dev_9e4d477a,209.203.99.102,51.1,Ferguson-Oliver,SUCCESS,0,,
9befaae6-295c-4a06-a389-430f071fec0c,2023-01-24T09:00:00,usr_849d8f3a0b,TRANSACTION,dev_be142376,152.25.14.21,117.81,Kelly-Hicks,SUCCESS,0,,
dd1f2980-0d0e-4f3d-92af-4855f7fa5ac2,2023-01-24T11:00:00,usr_f88f6a4fbd,TRANSACTION,dev_eb21dec2,121.154.196.166,78.05,Hernandez Group,SUCCESS,0,,
a13b972f-a1a4-480c-9a93-9dfcb67d9627,2023-01-24T13:00:00,usr_b5e4ee9e2c,TRANSACTION,dev_e95aa497,223.100.227.182,75.44,"Guzman, Bowman and Bowman",SUCCESS,0,,
81297525-b0cc-4f4d-b9a6-c379d03dc490,2023-01-24T16:00:00,usr_d7cdd17d17,TRANSACTION,dev_6137bb10,164.177.192.30,41.4,Smith-Mcclain,SUCCESS,0,,
44681aea-3cb7-4af6-8aba-1792998db926,2023-01-24T17:00:00,usr_79117b8706,TRANSACTION,dev_8a819110,24.72.62.0,86.63,Mclean-Garcia,SUCCESS,0,,
703c3313-a4d6-488f-a5fa-316b225f07cd,2023-01-24T21:00:00,usr_4c7105806a,TRANSACTION,dev_9ad11e85,205.169.114.41,146.03,Johnson-Chaney,SUCCESS,0,,
5c6516aa-af21-473c-9f0f-f500a02517f7,2023-01-25T00:00:00,usr_c1bf8d456b,TRANSACTION,dev_b5bf1d75,150.103.230.8,127.61,Fashion Retailer,SUCCESS,1,,
c074b69c-bf7e-4efe-b8e5-a41398bddbe8,2023-01-25T00:00:00,usr_231c280e9b,LOGIN,dev_a2c97056,136.50.117.15,0.0,,SUCCESS,0,,
2e28bd3f-ec47-48d0-8f93-06a812b9bf67,2023-01-25T00:02:00,usr_36d3eea955,TRANSACTION,dev_ed39fc77,169.39.222.212,1.21,Digital Goods Store,SUCCESS,1,,
41b85034-9150-4b73-bff0-8021028cf66f,2023-01-25T00:04:00,usr_36d3eea955,TRANSACTION,dev_ed39fc77,169.39.222.212,2.05,Digital Goods Store,SUCCESS,1,,
bfd4c201-de0f-4ca5-9889-6323e05a5725,2023-01-25T00:06:00,usr_36d3eea955,TRANSACTION,dev_ed39fc77,169.39.222.212,2.07,Digital Goods Store,SUCCESS,1,,
529bfe09-d6f2-46ee-af71-6a6b8638bb9e,2023-01-25T00:08:00,usr_36d3eea955,TRANSACTION,dev_ed39fc77,169.39.222.212,2.06,Digital Goods Store,SUCCESS,1,,
7a15aab5-a731-4115-9b5f-920eebf66579,2023-01-25T00:10:00,usr_36d3eea955,TRANSACTION,dev_ed39fc77,169.39.222.212,2.4,Digital Goods Store,SUCCESS,1,,
1c0b1520-8b1b-4d84-9bb2-b8dc1b88e2f1,2023-01-25T00:15:00,usr_36d3eea955,TRANSACTION,dev_ed39fc77,169.39.222.212,1689.91,High-Value Retailer,SUCCESS,1,,
6817fd82-4e52-4289-99c0-939ecfc14ab9,2023-01-25T01:00:00,usr_94530f8972,TRANSACTION,dev_6368638d,215.69.96.21,142.78,"Campbell, Perez and Zhang",SUCCESS,0,,
cf30dfd7-e15e-49c2-87aa-53a69eada2ff,2023-01-25T03:00:00,usr_1b4be5bf14,TRANSACTION,dev_1c1b085d,162.180.55.115,20.72,Shah Group,SUCCESS,0,,
18074c89-3c8f-4bd4-938e-38350d2caf2a,2023-01-25T04:00:00,usr_511f89ecbc,TRANSACTION,dev_5220a91b,90.150.53.179,69.71,Collins-Jackson,SUCCESS,0,,
a855a981-7ffb-4f93-9d9b-6a558b36b0dc,2023-01-25T05:00:00,usr_c0691f6af7,TRANSACTION,dev_5db7954e,23.201.66.77,63.4,"Decker, Perez and Parker",SUCCESS,0,,
7cae5598-de94-447b-a55c-0217adbfa97f,2023-01-25T08:00:00,usr_b555287a63,TRANSACTION,dev_12dcd7c9,101.255.174.182,64.07,Ward Group,SUCCESS,0,,
fbe3f5b2-4169-420d-8c72-6f157a9c5a8e,2023-01-25T08:00:00,usr_8b062ee676,TRANSACTION,dev_dfbe10f6,148.8.232.110,69.5,Welch LLC,SUCCESS,0,,
53e45268-66bd-455e-a662-8f7f94bb2243,2023-01-25T09:00:00,usr_39c1dfff61,TRANSACTION,dev_23aa7261,123.63.7.141,88.03,Butler-Gutierrez,SUCCESS,0,,
1d83c63e-302d-4709-890d-8922494c6732,2023-01-25T11:00:00,usr_07a141c1fd,LOGIN,dev_351f1d3e,193.10.222.197,0.0,,SUCCESS,1,,
3d02ed23-ffd2-47cd-8748-3293a61bc364,2023-01-25T11:03:00,usr_07a141c1fd,TRANSACTION,dev_351f1d3e,193.10.222.197,778.5,Luxury Electronics,SUCCESS,1,,
a654178a-42d9-4272-a32a-b885b04e4e3a,2023-01-25T11:04:00,usr_07a141c1fd,TRANSACTION,dev_351f1d3e,193.10.222.197,1229.63,Luxury Electronics,SUCCESS,1,,
865db4d2-a61d-433a-bcde-bcda2a2f8851,2023-01-25T11:07:00,usr_07a141c1fd,TRANSACTION,dev_351f1d3e,193.10.222.197,661.95,Luxury Electronics,SUCCESS,1,,
be155968-5a5e-497d-bb65-8fa041615b33,2023-01-25T18:00:00,usr_6eff7c405d,TRANSACTION,dev_36bf0750,30.109.25.15,50.84,"Espinoza, Harrison and Carpenter",SUCCESS,0,,
5fdcbf01-176d-4868-b93c-b29c84a114cc,2023-01-25T21:00:00,usr_b5e4ee9e2c,TRANSACTION,dev_e95aa497,223.100.227.182,147.14,Berry-Hill,SUCCESS,0,,
09d8381b-8aae-4261-b37b-65e2169c917e,2023-01-25T22:00:00,usr_328c54f1a2,TRANSACTION,dev_9b84c517,95.32.118.117,72.28,"Morales, Garcia and Lewis",SUCCESS,0,,
00dbc267-962d-4abb-81f6-d2a6d7447890,2023-01-26T00:00:00,usr_5b2e16dce3,REFUND,dev_0c379024,134.233.61.80,141.27,Fashion Retailer,SUCCESS,1,ade10d70-a114-40a2-8825-8a2b6a4646f4,
d3a5d67a-ce19-452f-92d4-749c79a4a6fc,2023-01-26T00:00:00,usr_0200ccb3d7,LOGIN,dev_76ee12bb,32.69.128.42,0.0,,SUCCESS,0,,
77312f56-35f3-4594-b7da-86aa6802cddd,2023-01-26T00:00:00,usr_1d56c361ff,REFUND,dev_e877d877,38.173.216.12,177.83,Fashion Retailer,SUCCESS,1,ae34fe81-5bd1-4aa0-8348-bd7706603db2,
c720bf04-128e-40fd-8dbe-216fac20363e,2023-01-26T05:00:00,usr_79117b8706,TRANSACTION,dev_8a819110,24.72.62.0,30.07,Clark PLC,SUCCESS,0,,
bf85a43c-9fea-4430-88a2-dca5275b46be,2023-01-26T07:00:00,usr_0a41704fa8,TRANSACTION,dev_a3c377db,177.107.13.193,30.67,Reyes-Marshall,SUCCESS,0,,
e2fefee9-6969-4b30-9006-fedd0e0d3b18,2023-01-26T09:00:00,usr_fcc6ccbc0b,TRANSACTION,dev_0ac54faf,167.197.31.55,128.05,Ruiz-Scott,SUCCESS,0,,
14dcfe17-f12f-415c-a03b-955e063f8ca1,2023-01-26T18:00:00,usr_8b062ee676,TRANSACTION,dev_dfbe10f6,148.8.232.110,28.61,Medina and Sons,SUCCESS,0,,
10956de7-7313-4902-b288-5c831d4ac3d8,2023-01-27T00:00:00,usr_deec170134,LOGIN,dev_65f47a97,123.176.55.47,0.0,,SUCCESS,0,,
90df21fd-7505-4b60-9641-0bf3067c810b,2023-01-27T00:00:00,usr_2ce5190a45,REFUND,dev_800b79ff,21.35.156.15,170.77,Fashion Retailer,SUCCESS,1,f665c2e1-3e91-432b-add6-bd756de2c32c,
57b630c6-4e5f-4587-82f8-6bbf199bcbae,2023-01-27T00:00:00,usr_717b036abb,LOGIN,dev_4c7a50b1,67.1.43.84,0.0,,SUCCESS,0,,
0068f6af-b66a-405f-b1da-05668f97664c,2023-01-27T01:00:00,usr_e1072a9c8d,TRANSACTION,dev_063a2ab8,33.62.77.246,35.65,"Jacobs, Mccann and Hunter",SUCCESS,0,,
03fe8342-864f-4f8c-8800-291d54b34730,2023-01-27T05:00:00,usr_c0691f6af7,LOGIN,dev_c0b66d84,193.10.71.168,0.0,,SUCCESS,1,,
fc9a9d41-e794-4420-b57e-90e55fee3251,2023-01-27T05:00:00,usr_1b4be5bf14,TRANSACTION,dev_1c1b085d,162.180.55.115,92.61,"Rodriguez, Brown and Buchanan",SUCCESS,0,,
2d3c34fa-45b1-4d20-9ffc-01087d55a60a,2023-01-27T05:00:00,usr_4be8d65061,TRANSACTION,dev_fc63ed73,211.79.188.170,60.46,Johnson PLC,SUCCESS,0,,
d93eb268-070d-43bb-b602-8b9e8bcd068e,2023-01-27T05:02:00,usr_c0691f6af7,TRANSACTION,dev_c0b66d84,193.10.71.168,508.74,Luxury Electronics,SUCCESS,1,,
c456f039-c85d-4627-8e50-32bf5806ad91,2023-01-27T05:06:00,usr_c0691f6af7,TRANSACTION,dev_c0b66d84,193.10.71.168,1074.27,Luxury Electronics,SUCCESS,1,,
6d5d3258-6910-487a-80d0-3e47544f4429,2023-01-27T05:07:00,usr_c0691f6af7,TRANSACTION,dev_c0b66d84,193.10.71.168,1488.41,Luxury Electronics,SUCCESS,1,,
041f5025-d897-4cda-906f-8ebb0c67f19e,2023-01-27T15:00:00,usr_2074ea0629,TRANSACTION,dev_5584268b,152.179.81.250,83.33,Lozano-Dyer,SUCCESS,0,,
19ba9fb1-cbc0-41fd-8d4f-ca37a1c7a507,2023-01-27T20:00:00,usr_cc0f4a22f4,TRANSACTION,dev_9e4d477a,209.203.99.102,98.82,Williams-Butler,SUCCESS,0,,
466dee92-312c-4733-a472-20fbe40241db,2023-01-28T00:00:00,usr_c1bf8d456b,REFUND,dev_b5bf1d75,150.103.230.8,127.61,Fashion Retailer,SUCCESS,1,5c6516aa-af21-473c-9f0f-f500a02517f7,
771f2da1-443b-44bf-a65f-15cce246238d,2023-01-28T00:00:00,usr_b5837a64f9,LOGIN,dev_50a5f85f,69.80.147.80,0.0,,SUCCESS,0,,
65c7b5d2-f6db-4892-b33e-7c7bc149c954,2023-01-28T00:00:00,usr_ccbed6df63,LOGIN,dev_5ee1d15d,131.33.250.29,0.0,,SUCCESS,0,,
f6480375-10c0-4e5c-bbac-29e850438e09,2023-01-28T00:00:00,usr_a84add1a33,REFUND,dev_0bec6c96,44.218.224.95,231.54,Fashion Retailer,SUCCESS,1,c7ea9c5d-e8b9-42a5-b2cb-24f950298c68,
6cc156ba-443e-4e09-a126-4117693d6c11,2023-01-28T00:00:00,usr_c391f68666,LOGIN,dev_5ba84586,25.236.70.5,0.0,,SUCCESS,0,,
f1ddef0f-744a-43b9-b7c0-23d0659ea741,2023-01-28T00:00:00,usr_e1f4319710,LOGIN,dev_c4a615db,210.13.225.112,0.0,,SUCCESS,0,,
7a89f51e-7f81-4b04-a415-179342db248d,2023-01-28T00:00:00,usr_8011bef17f,LOGIN,dev_29dcbf42,145.110.143.57,0.0,,SUCCESS,0,,
bc08994b-b238-452c-8c16-4a788cb20e55,2023-01-28T08:00:00,usr_717b036abb,TRANSACTION,dev_4c7a50b1,67.1.43.84,18.46,Perez Ltd,SUCCESS,0,,
8ea69fb0-5c7f-4ad5-af80-9147fbcb2cc1,2023-01-28T10:00:00,usr_231c280e9b,TRANSACTION,dev_a2c97056,136.50.117.15,119.9,"Garrett, Alexander and Frazier",SUCCESS,0,,
6038ce5a-8ac8-404b-82e9-3d2b64533646,2023-01-28T10:00:00,usr_a061d67dff,TRANSACTION,dev_93c4f011,146.29.62.47,62.43,"Jones, James and Ortiz",SUCCESS,0,,
08aff42c-c06b-4ede-bd0c-e15a0734c2bc,2023-01-28T12:00:00,usr_c953149f73,TRANSACTION,dev_0f70318e,113.160.121.62,146.37,Harris PLC,SUCCESS,0,,
57c84f9e-2058-4bf8-a541-c9d3ffe6a57d,2023-01-28T17:00:00,usr_39c1dfff61,TRANSACTION,dev_23aa7261,123.63.7.141,125.53,Martinez LLC,SUCCESS,0,,
7a230457-5469-4890-841a-efa1c3faa749,2023-01-28T18:00:00,usr_b555287a63,TRANSACTION,dev_12dcd7c9,101.255.174.182,35.42,Tucker-Martin,SUCCESS,0,,
f6d83938-f88b-41cc-b5c3-d88e58ba906a,2023-01-28T18:00:00,usr_fcc6ccbc0b,TRANSACTION,dev_0ac54faf,167.197.31.55,68.25,Walker Ltd,SUCCESS,0,,
f2f5a943-59ac-46ff-a2dd-dbc37c8080ad,2023-01-28T20:00:00,usr_849d8f3a0b,TRANSACTION,dev_be142376,152.25.14.21,53.86,"Warren, Melendez and Miller",SUCCESS,0,,
1493a477-1619-4c1d-82ec-475050e5892c,2023-01-28T22:00:00,usr_56bfdc2bbe,TRANSACTION,dev_d121097b,219.231.142.124,145.18,"Peterson, Yates and Hopkins",SUCCESS,0,,
177c62a9-d45a-43a1-8762-c9e23dd2fb9e,2023-01-29T00:00:00,usr_b707cff8a5,BNPL_APPLICATION,dev_a7a51ca3,18.253.60.176,2000.0,,APPROVED,1,,
a63f288f-095d-4925-b187-45b46f5f56e9,2023-01-29T00:00:00,usr_1d29539231,LOGIN,dev_b3e117d3,159.121.154.177,0.0,,SUCCESS,0,,
0aec49ff-e208-4820-aabf-2fe25b3e6cb1,2023-01-29T00:00:00,usr_fa67f1ab96,LOGIN,dev_5e9fb287,16.243.181.76,0.0,,SUCCESS,0,,
65f96729-c5ce-4fd4-a670-b3318436c498,2023-01-29T00:00:00,usr_a84add1a33,TRANSACTION,dev_0bec6c96,44.218.224.95,128.53,Fashion Retailer,SUCCESS,1,,
64ac16c3-d6d6-42a4-8e0e-65244877997b,2023-01-29T00:00:00,usr_bee3c3502d,TRANSACTION,dev_d9e8e6f6,217.116.64.26,83.58,Tapia Inc,SUCCESS,0,,
55685bcd-d1a7-4645-9300-961b710996f3,2023-01-29T00:00:00,usr_1981c2e1bf,REFUND,dev_70484a39,156.67.143.171,157.57,Fashion Retailer,SUCCESS,1,43ff2f85-4d21-4122-8eff-beb38571ad07,
15802f0c-a85b-4d88-956c-7d90ec0912aa,2023-01-29T00:00:00,usr_1d56c361ff,TRANSACTION,dev_e877d877,38.173.216.12,216.49,Fashion Retailer,SUCCESS,1,,
08e5ac78-bc1a-42f2-b280-7fb6a22b838c,2023-01-29T00:02:00,usr_9a97285119,TRANSACTION,dev_96d0d6cc,136.173.76.244,1.75,Digital Goods Store,SUCCESS,1,,
09e2e1b6-e663-42c4-9248-e6c3769cde1a,2023-01-29T00:04:00,usr_9a97285119,TRANSACTION,dev_96d0d6cc,136.173.76.244,1.8,Digital Goods Store,SUCCESS,1,,
f11002dc-3035-4db3-b425-80902f15067b,2023-01-29T00:05:00,usr_9a97285119,TRANSACTION,dev_96d0d6cc,136.173.76.244,1.98,Digital Goods Store,SUCCESS,1,,
5278d67d-4fc8-4d99-94e8-d0bfe4025800,2023-01-29T00:06:00,usr_9a97285119,TRANSACTION,dev_96d0d6cc,136.173.76.244,1.91,Digital Goods Store,SUCCESS,1,,
a849a567-eb8a-44c6-9a50-899acd355b51,2023-01-29T00:07:00,usr_9a97285119,TRANSACTION,dev_96d0d6cc,136.173.76.244,1.78,Digital Goods Store,SUCCESS,1,,
c26a4562-971c-40c3-b6ca-7741c2d6e17e,2023-01-29T00:10:00,usr_b707cff8a5,P2P_TRANSFER,dev_a7a51ca3,18.253.60.176,1950.0,,SUCCESS,1,,usr_443e75d8c4
532e2296-dff5-4a0f-9b0c-b87e93276029,2023-01-29T00:12:00,usr_9a97285119,TRANSACTION,dev_96d0d6cc,136.173.76.244,1038.43,High-Value Retailer,SUCCESS,1,,
36af2015-4158-422a-b37c-12db1af22744,2023-01-29T00:25:00,usr_443e75d8c4,P2P_TRANSFER,dev_a7a51ca3,18.253.60.176,1900.0,,SUCCESS,1,,usr_0c87fc95c4
a73c946a-2786-46cb-800e-1c7b6b31c31f,2023-01-29T01:25:00,usr_0c87fc95c4,CASHOUT,dev_a7a51ca3,18.253.60.176,1850.0,Crypto Exchange X,SUCCESS,1,,
00fe515e-968a-4b78-b125-bc301fa0d71b,2023-01-29T02:00:00,usr_e044c05268,TRANSACTION,dev_13e25423,30.204.83.110,113.81,Bradley PLC,SUCCESS,0,,
346c86ee-ff7e-4f52-9a49-03933112fb5f,2023-01-29T05:00:00,usr_4be8d65061,LOGIN,dev_825629ed,193.10.206.40,0.0,,SUCCESS,1,,
079ff035-e8d3-4216-a30a-dc45062463d9,2023-01-29T05:01:00,usr_4be8d65061,TRANSACTION,dev_825629ed,193.10.206.40,949.49,Luxury Electronics,SUCCESS,1,,
50fb8393-493e-4ad3-bbbb-0b916e2b013a,2023-01-29T05:03:00,usr_4be8d65061,TRANSACTION,dev_825629ed,193.10.206.40,919.39,Luxury Electronics,SUCCESS,1,,
b6f85ac4-282e-426f-9a63-709b253b6f4f,2023-01-29T05:08:00,usr_4be8d65061,TRANSACTION,dev_825629ed,193.10.206.40,1190.13,Luxury Electronics,SUCCESS,1,,
0d34caab-2480-4ec3-87ed-665dd7d10884,2023-01-29T10:00:00,usr_e1072a9c8d,TRANSACTION,dev_063a2ab8,33.62.77.246,62.5,Ward-Lee,SUCCESS,0,,
8f63b398-0f14-4382-84ea-e90608f0b5be,2023-01-29T12:00:00,usr_0200ccb3d7,TRANSACTION,dev_76ee12bb,32.69.128.42,91.55,Warren LLC,SUCCESS,0,,
8385096d-6455-4720-b761-baaec5e77cf7,2023-01-29T19:00:00,usr_39c1dfff61,TRANSACTION,dev_23aa7261,123.63.7.141,101.09,Sloan-Moore,SUCCESS,0,,
c0962777-1bf7-4352-9612-5550f4a8cda5,2023-01-29T19:00:00,usr_6eff7c405d,TRANSACTION,dev_36bf0750,30.109.25.15,20.01,Livingston and Sons,SUCCESS,0,,
720dfb37-9546-447a-b4dd-06eed4d2f728,2023-01-30T00:00:00,usr_af8427f9fb,LOGIN,dev_5b97e85a,121.69.25.232,0.0,,SUCCESS,0,,
5f05a3b2-6140-4cd7-974c-01ea10df1a6c,2023-01-30T00:00:00,usr_c1bf8d456b,TRANSACTION,dev_b5bf1d75,150.103.230.8,104.43,Fashion Retailer,SUCCESS,1,,
03401581-bd77-484c-a9ff-bb5dab069e83,2023-01-30T00:00:00,usr_2ce5190a45,TRANSACTION,dev_800b79ff,21.35.156.15,220.12,Fashion Retailer,SUCCESS,1,,
a4da7368-2f21-4f93-a5c3-129ceeba3ffc,2023-01-30T02:00:00,usr_328c54f1a2,TRANSACTION,dev_9b84c517,95.32.118.117,149.31,Bond Inc,SUCCESS,0,,
00a8d4c0-fc5b-425e-9dc6-d0fba656d8a4,2023-01-30T03:00:00,usr_b555287a63,TRANSACTION,dev_12dcd7c9,101.255.174.182,90.83,"Smith, Hamilton and Kirk",SUCCESS,0,,
b3925e1b-cc89-486c-b50d-82dae9c2e432,2023-01-30T06:00:00,usr_b5837a64f9,TRANSACTION,dev_50a5f85f,69.80.147.80,113.65,Garrett-Lawrence,SUCCESS,0,,
afcfd818-b07b-458c-bb74-e88f462a34dc,2023-01-30T06:00:00,usr_c391f68666,TRANSACTION,dev_5ba84586,25.236.70.5,131.39,"Frank, Tran and Thompson",SUCCESS,0,,
3d8ca19e-d1a3-4557-863d-015f37e4fd4c,2023-01-30T13:00:00,usr_511f89ecbc,TRANSACTION,dev_5220a91b,90.150.53.179,122.18,Carter-Hall,SUCCESS,0,,
412383f4-ebbd-4b48-af4e-718c245ddb64,2023-01-31T00:00:00,usr_b2f157ce38,LOGIN,dev_27295806,55.105.135.175,0.0,,SUCCESS,0,,
c314a667-f329-4c2e-ae39-3144e824b9f6,2023-01-31T00:00:00,usr_bee3c3502d,LOGIN,dev_7fc3a93b,193.10.90.152,0.0,,SUCCESS,1,,
bbd1bd25-e76b-4421-b73f-377b994d4908,2023-01-31T00:00:00,usr_94a29319e3,LOGIN,dev_adc2323a,19.25.123.136,0.0,,SUCCESS,0,,
76988a14-6d8b-4094-88a0-17fcaf87eefa,2023-01-31T00:00:00,usr_582773bbc5,LOGIN,dev_4b1491b9,21.151.62.108,0.0,,SUCCESS,0,,
afe71d2f-2370-4a97-b90f-896b3f4625b4,2023-01-31T00:00:00,usr_b5e4ee9e2c,TRANSACTION,dev_e95aa497,223.100.227.182,91.73,"Gonzalez, Richardson and Perez",SUCCESS,0,,
1fc7d60b-fd89-4fa9-81cb-b92e80739b70,2023-01-31T00:03:00,usr_bee3c3502d,TRANSACTION,dev_7fc3a93b,193.10.90.152,1091.83,Luxury Electronics,SUCCESS,1,,
39b724be-bedf-4958-be98-302c5f586681,2023-01-31T00:05:00,usr_bee3c3502d,TRANSACTION,dev_7fc3a93b,193.10.90.152,868.99,Luxury Electronics,SUCCESS,1,,
9c946a7b-ce0b-4467-a6e9-969590c9b7b6,2023-01-31T00:08:00,usr_bee3c3502d,TRANSACTION,dev_7fc3a93b,193.10.90.152,714.82,Luxury Electronics,SUCCESS,1,,
0805b62c-c8af-4d4e-af4c-e625c9e4c44c,2023-01-31T09:00:00,usr_e1f4319710,TRANSACTION,dev_c4a615db,210.13.225.112,76.54,Lang LLC,SUCCESS,0,,
573a795d-7614-4716-8b3e-230fec557d06,2023-01-31T10:00:00,usr_ccbed6df63,TRANSACTION,dev_5ee1d15d,131.33.250.29,80.26,Fox Group,SUCCESS,0,,
44b2d772-c645-4518-b9e9-86172b101ce1,2023-01-31T10:00:00,usr_1d29539231,TRANSACTION,dev_b3e117d3,159.121.154.177,82.17,"Fuller, Kline and Cole",SUCCESS,0,,
d61ac2eb-ad85-46a0-9352-226073cd81d1,2023-01-31T13:00:00,usr_b5837a64f9,TRANSACTION,dev_50a5f85f,69.80.147.80,91.19,Clayton-Garcia,SUCCESS,0,,
8d77ab33-3046-45d4-a88c-4ca7e091e886,2023-02-01T00:00:00,usr_a84add1a33,REFUND,dev_0bec6c96,44.218.224.95,128.53,Fashion Retailer,SUCCESS,1,65f96729-c5ce-4fd4-a670-b3318436c498,
448725d2-78d7-4a9b-83b9-8bd243176a5f,2023-02-01T03:00:00,usr_b2f157ce38,TRANSACTION,dev_27295806,55.105.135.175,112.18,Graham PLC,SUCCESS,0,,
2b50a663-f00e-4eab-9851-457cbfe8a438,2023-02-01T05:00:00,usr_849d8f3a0b,TRANSACTION,dev_be142376,152.25.14.21,44.03,"Carson, Carr and Edwards",SUCCESS,0,,
ace99683-ad47-4aec-929b-c455236b80b0,2023-02-01T12:00:00,usr_deec170134,TRANSACTION,dev_65f47a97,123.176.55.47,44.74,Mcclure and Sons,SUCCESS,0,,
6c31607a-858e-4890-a2cd-88d30d2b2026,2023-02-01T15:00:00,usr_b555287a63,TRANSACTION,dev_12dcd7c9,101.255.174.182,74.79,Thomas-Petersen,SUCCESS,0,,
66d6a266-7916-4e0b-bc74-ed23f67bd633,2023-02-01T17:00:00,usr_e1072a9c8d,TRANSACTION,dev_063a2ab8,33.62.77.246,28.58,"Wells, Serrano and Barajas",SUCCESS,0,,
d65b1ef2-18c4-482c-a40e-55ff52875494,2023-02-01T17:00:00,usr_1b4be5bf14,TRANSACTION,dev_1c1b085d,162.180.55.115,126.41,"Coleman, Lane and Hester",SUCCESS,0,,
d7a8d7f9-5d96-4cb0-9f1d-7a90312d4851,2023-02-02T00:00:00,usr_c1bf8d456b,REFUND,dev_b5bf1d75,150.103.230.8,104.43,Fashion Retailer,SUCCESS,1,5f05a3b2-6140-4cd7-974c-01ea10df1a6c,
e8b39aab-6d7a-4864-9798-4887771c479d,2023-02-02T00:00:00,usr_2ce5190a45,REFUND,dev_800b79ff,21.35.156.15,220.12,Fashion Retailer,SUCCESS,1,03401581-bd77-484c-a9ff-bb5dab069e83,
519a2c43-6f5c-419e-af65-9f9e67f0602e,2023-02-02T02:00:00,usr_fa67f1ab96,TRANSACTION,dev_5e9fb287,16.243.181.76,78.29,Brown and Sons,SUCCESS,0,,
4a3596cf-ae11-420b-8342-e8156ea850d1,2023-02-02T02:00:00,usr_8011bef17f,TRANSACTION,dev_29dcbf42,145.110.143.57,23.51,"Tran, Williams and Martinez",SUCCESS,0,,
68dc745b-9986-443e-ad60-ab858c1376c6,2023-02-02T05:00:00,usr_39c1dfff61,TRANSACTION,dev_23aa7261,123.63.7.141,56.75,Johnston PLC,SUCCESS,0,,
e4371d68-013a-4e15-854b-d250a4e3fc9c,2023-02-02T13:00:00,usr_1d29539231,TRANSACTION,dev_b3e117d3,159.121.154.177,81.81,Johnson PLC,SUCCESS,0,,
35f7d7bd-7b1e-498e-a49d-ede5a9b0fea4,2023-02-02T14:00:00,usr_ccbed6df63,TRANSACTION,dev_5ee1d15d,131.33.250.29,23.67,Price-Francis,SUCCESS,0,,
b5f0f08f-2d6a-4e34-8b3c-8e043a147858,2023-02-02T22:00:00,usr_231c280e9b,TRANSACTION,dev_a2c97056,136.50.117.15,110.6,Patterson LLC,SUCCESS,0,,
f987fad9-8141-4ef1-84a7-5f0bf72bd414,2023-02-03T00:00:00,usr_a84add1a33,TRANSACTION,dev_0bec6c96,44.218.224.95,209.46,Fashion Retailer,SUCCESS,1,,
f71a34a2-c2cd-4e60-8062-c3349bdd92bc,2023-02-03T00:00:00,usr_1d56c361ff,REFUND,dev_e877d877,38.173.216.12,216.49,Fashion Retailer,SUCCESS,1,15802f0c-a85b-4d88-956c-7d90ec0912aa,
c2f05885-1a67-4c0f-bc18-aeedec5e4866,2023-02-03T09:00:00,usr_56bfdc2bbe,TRANSACTION,dev_d121097b,219.231.142.124,42.21,Soto-Martin,SUCCESS,0,,
314d6313-80ca-410e-99be-c0446dd8e61c,2023-02-03T10:00:00,usr_e044c05268,TRANSACTION,dev_13e25423,30.204.83.110,46.88,Mendoza Group,SUCCESS,0,,
540e7b90-2499-4ecf-af06-dc16a2ac9ed9,2023-02-03T15:00:00,usr_c391f68666,TRANSACTION,dev_5ba84586,25.236.70.5,119.21,Powell-Graham,SUCCESS,0,,
eb2d5b88-6940-47bc-adb6-6d3afe889552,2023-02-03T18:00:00,usr_511f89ecbc,TRANSACTION,dev_5220a91b,90.150.53.179,69.86,Hanson-Cook,SUCCESS,0,,
a748b633-bf43-4ba4-92fb-7198698373f8,2023-02-03T23:00:00,usr_0200ccb3d7,TRANSACTION,dev_76ee12bb,32.69.128.42,100.94,Jones and Sons,SUCCESS,0,,
0a814ccb-ccc7-436a-8af8-a5676f510b7c,2023-02-04T01:00:00,usr_b5837a64f9,TRANSACTION,dev_50a5f85f,69.80.147.80,137.15,Wood-Martin,SUCCESS,0,,
d7fb8e58-537a-435e-bb48-397302f1a04f,2023-02-04T02:00:00,usr_af8427f9fb,TRANSACTION,dev_5b97e85a,121.69.25.232,95.64,Fisher-Garcia,SUCCESS,0,,
5e5b0e81-9874-461b-8373-a70d83422530,2023-02-04T20:00:00,usr_e1072a9c8d,TRANSACTION,dev_063a2ab8,33.62.77.246,62.71,Hernandez-Swanson,SUCCESS,0,,
c3471721-65a2-4d10-8a0f-b9511c1857e6,2023-02-04T22:00:00,usr_231c280e9b,LOGIN,dev_d3268e09,193.10.147.125,0.0,,SUCCESS,1,,
93d8cb3e-9666-4373-9f34-c945daa36fc4,2023-02-04T22:02:00,usr_231c280e9b,TRANSACTION,dev_d3268e09,193.10.147.125,886.6,Luxury Electronics,SUCCESS,1,,
1431c41e-390e-4144-b63e-eddb596c77dc,2023-02-04T22:07:00,usr_231c280e9b,TRANSACTION,dev_d3268e09,193.10.147.125,959.06,Luxury Electronics,SUCCESS,1,,
c27a43b9-02a5-419a-99e3-56517c46594f,2023-02-04T22:12:00,usr_231c280e9b,TRANSACTION,dev_d3268e09,193.10.147.125,516.76,Luxury Electronics,SUCCESS,1,,
1ce9c636-e056-4f1b-aae1-52bace1c60ea,2023-02-05T00:00:00,usr_c1bf8d456b,TRANSACTION,dev_b5bf1d75,150.103.230.8,276.26,Fashion Retailer,SUCCESS,1,,
f36b7613-a2e1-4bce-acef-1a4bd7beb644,2023-02-05T00:00:00,usr_2ce5190a45,TRANSACTION,dev_800b79ff,21.35.156.15,171.64,Fashion Retailer,SUCCESS,1,,
a516eede-0a39-4ffc-b54d-a96a9ad4e2c8,2023-02-05T02:00:00,usr_b5837a64f9,TRANSACTION,dev_50a5f85f,69.80.147.80,90.2,Ortiz-Berry,SUCCESS,0,,
59891d0f-fd6a-4a48-a7cd-ae1b80f5ee2a,2023-02-05T04:00:00,usr_582773bbc5,TRANSACTION,dev_4b1491b9,21.151.62.108,144.07,"Lutz, Smith and Davis",SUCCESS,0,,
13f0da6e-47fc-4bf7-9e59-a472ae810dc5,2023-02-05T06:00:00,usr_511f89ecbc,TRANSACTION,dev_5220a91b,90.150.53.179,63.76,Howard-Hughes,SUCCESS,0,,
e1315757-c529-47ca-a586-277d768e66af,2023-02-05T08:00:00,usr_fa67f1ab96,TRANSACTION,dev_5e9fb287,16.243.181.76,71.29,Garza-Robinson,SUCCESS,0,,
2c2015fe-fe97-4248-b370-c97873e2c295,2023-02-05T10:00:00,usr_94a29319e3,TRANSACTION,dev_adc2323a,19.25.123.136,100.15,Roach PLC,SUCCESS,0,,
bf529b56-8c5c-4235-8708-ede007bfe9b7,2023-02-05T14:00:00,usr_b2f157ce38,TRANSACTION,dev_27295806,55.105.135.175,92.64,Rose-Wilson,SUCCESS,0,,
fcf2a001-985c-412c-8664-a863a29a4dcc,2023-02-05T15:00:00,usr_c391f68666,LOGIN,dev_7d6f9f7b,193.10.189.200,0.0,,SUCCESS,1,,
196e05bc-b0a2-45b1-b0c3-9571b20fef0c,2023-02-05T15:01:00,usr_c391f68666,TRANSACTION,dev_7d6f9f7b,193.10.189.200,1011.52,Luxury Electronics,SUCCESS,1,,
1f22f11a-d7ec-47bc-a8ba-f9158702e625,2023-02-05T15:05:00,usr_c391f68666,TRANSACTION,dev_7d6f9f7b,193.10.189.200,1456.52,Luxury Electronics,SUCCESS,1,,
675175d3-9838-4015-820e-7b6e86e68c36,2023-02-05T15:09:00,usr_c391f68666,TRANSACTION,dev_7d6f9f7b,193.10.189.200,623.06,Luxury Electronics,SUCCESS,1,,
8b3e7dfb-6a1f-4c71-b63a-d2dcc3a782f8,2023-02-05T16:00:00,usr_e044c05268,TRANSACTION,dev_13e25423,30.204.83.110,14.95,Mclaughlin Ltd,SUCCESS,0,,
fb972470-2532-4cf0-ba30-6b1f0428ee2c,2023-02-06T00:00:00,usr_a84add1a33,REFUND,dev_0bec6c96,44.218.224.95,209.46,Fashion Retailer,SUCCESS,1,f987fad9-8141-4ef1-84a7-5f0bf72bd414,
de626745-1835-4b21-9b05-ee746bd06b9f,2023-02-06T15:00:00,usr_1d29539231,TRANSACTION,dev_b3e117d3,159.121.154.177,103.15,"Carson, Day and Brown",SUCCESS,0,,
913c3315-ed59-45e7-95f5-ebf30e208700,2023-02-07T00:00:00,usr_2ce5190a45,REFUND,dev_800b79ff,21.35.156.15,171.64,Fashion Retailer,SUCCESS,1,f36b7613-a2e1-4bce-acef-1a4bd7beb644,
0b0017be-85e8-450b-8067-ce4620acad49,2023-02-07T21:00:00,usr_b2f157ce38,TRANSACTION,dev_27295806,55.105.135.175,89.15,"Chan, Smith and Ford",SUCCESS,0,,
eafefdb9-f2bb-49a8-b95f-6568372128fb,2023-02-08T13:00:00,usr_fa67f1ab96,TRANSACTION,dev_5e9fb287,16.243.181.76,25.68,"Nelson, Shaw and Gilbert",SUCCESS,0,,
70a8e443-5647-4e24-ba24-a20d110f14fe,2023-02-09T05:00:00,usr_0200ccb3d7,TRANSACTION,dev_76ee12bb,32.69.128.42,66.14,"Rangel, Mcintosh and Frank",SUCCESS,0,,
b7cefc9d-521f-4a10-b02d-08aedf05fd8f,2023-02-09T12:00:00,usr_af8427f9fb,TRANSACTION,dev_5b97e85a,121.69.25.232,76.76,Floyd-Palmer,SUCCESS,0,,
56661460-6c55-42b4-9edb-7b175d129fe8,2023-02-09T15:00:00,usr_582773bbc5,TRANSACTION,dev_4b1491b9,21.151.62.108,54.66,"Harrison, Wyatt and Silva",SUCCESS,0,,
09c1add5-6f8c-47ae-8e84-932449859a0d,2023-02-10T00:00:00,usr_c1bf8d456b,REFUND,dev_b5bf1d75,150.103.230.8,276.26,Fashion Retailer,SUCCESS,1,1ce9c636-e056-4f1b-aae1-52bace1c60ea,
04ddd29b-1277-47fc-9a6f-e19e195ebc31,2023-02-10T16:00:00,usr_94a29319e3,TRANSACTION,dev_adc2323a,19.25.123.136,142.17,Mcguire LLC,SUCCESS,0,,
ce8ce7e1-f97f-40a9-9a61-1a297a705a9c,2023-02-11T16:00:00,usr_fa67f1ab96,TRANSACTION,dev_5e9fb287,16.243.181.76,92.9,Marsh LLC,SUCCESS,0,,
37e0d9bf-a929-4d61-9928-142e2ea5fc9e,2023-02-12T22:00:00,usr_b2f157ce38,TRANSACTION,dev_27295806,55.105.135.175,110.96,Salazar Group,SUCCESS,0,,
d4e3ffc5-504f-42f2-8074-1a4783d86dfe,2023-02-14T04:00:00,usr_94a29319e3,TRANSACTION,dev_adc2323a,19.25.123.136,64.67,"Murray, Lewis and Morse",SUCCESS,0,,
a10e6ba4-43a2-47ad-b7af-9e330ec1e4ff,2023-02-15T03:00:00,usr_582773bbc5,TRANSACTION,dev_4b1491b9,21.151.62.108,147.74,"Henderson, Rojas and Pitts",SUCCESS,0,,
